date,return,equity,AVAXUSDT,AXSUSDT,BTCUSDT,DOGEUSDT,ETHUSDT,LINKUSDT,LTCUSDT,SHIBUSDT,TLMUSDT,UNIUSDT
2022-05-01,0.999,0.999,0.9999,0.9999,0.9999,0.9999,0.9999,0.9999,0.9999,0.9999,0.9999,0.9999
2022-05-02,0.9887033214725716,0.987714618151099,1.0025711638591117,0.9948674740484429,1.0000476650779146,0.9984683421250943,1.0010231490613528,0.9986622811671088,1.0013097280966767,0.9958168816705337,0.9975656031128405,0.9973721629213483
2022-05-03,0.9831372226346397,0.9710590064447051,1.0013461193330524,0.9913223883844918,0.9979541370667249,0.9974790131338672,0.9983407544712273,0.9982157414905862,0.9999838715230789,0.9941343288089605,0.9959952318445625,0.9960970349711661
2022-05-04,1.0942556487488244,1.0625868030705397,1.0147380056674213,1.0049246182833014,1.0031879182146273,1.0024281867112432,1.004119620610028,1.0080220472958372,1.0071323350437442,1.001205704843636,1.0074245731026208,1.0116411240636836
2022-05-05,0.9086377213316574,0.9655064514591057,1.0013782307440813,0.9919668408144036,0.9954966407888768,0.9969596120912725,0.9976807250753302,0.9972127314554177,0.9980737166073494,0.9945227497595374,0.9957542511399692,1.0037597931274622
2022-05-06,0.9921500175133755,0.9579272427244288,0.997781707008668,0.9903202446050705,0.9940528760467122,0.9966486718425909,0.9956664357234642,0.9961179768929669,0.9979697189207479,0.9932812372390142,0.9957542511399692,1.0074064938129648
2022-05-07,0.9704030313726264,0.9295755001742073,0.994311392132784,0.990840046760136,0.992593923726767,0.9964136948246223,0.9935524553226579,0.9907906526532172,0.9954542884304446,0.9897722581408281,0.9903667081794564,1.0013566860772665
2022-05-08,0.9785813748442025,0.909665270981963,0.9880930637931186,0.9971708038008662,0.9886174785835692,0.9936700461352301,0.989181736142398,0.98881359465512,0.9950233523234667,0.985576719285511,0.9880199334909491,0.9999963940989348
2022-05-09,0.8199716805738725,0.7458997610067674,0.9688535650695024,0.9774665982754405,0.9774351323311083,0.975413941193421,0.9779847167222667,0.97057088700809,0.9755454956918961,0.9632262294103568,0.9667692868665493,0.9824128196214384
2022-05-10,1.0565335886758873,0.7880681512889666,0.9763164057708964,0.975201645728499,0.9806366956752395,0.9814192160688697,0.9832475996313469,0.9762026679721688,0.9808086159218016,0.9763963189255238,0.9756700933040732,0.9846304047149186
2022-05-11,0.7894310998050511,0.6221255073933822,0.9480763606633967,0.954785915761109,0.9744542887654751,0.9601372766164024,0.9719050714267939,0.9582585157330744,0.9637801453195595,0.9527903194792107,0.936047100096554,0.9642949939319213
2022-05-12,0.9522943536084381,0.5924466079265025,0.9458744787034935,0.955027057817821,0.9741525085502439,0.9570002828713454,0.9650116907621947,0.952952455572407,0.9605072244773091,0.9440577378653747,0.9253246633271344,0.959075497073712
2022-05-13,1.0713300243037416,0.6347058388685691,0.951003752619093,0.9603460667339051,0.9752512093778026,0.9636886499995322,0.9678614063242521,0.9613350202145561,0.9660527993763264,0.958683979466745,0.9330148986129497,0.9695238276435042
2022-05-14,1.023014945291306,0.6493135590262017,0.955384497695454,0.9642449845516731,0.9784422152155414,0.9651745930601741,0.9703847126154852,0.9628066475230984,0.9675840441150614,0.9567934434555038,0.9375861850710778,0.9703811249898263
2022-05-15,1.0609465960956768,0.688887010247618,0.9619874390874263,0.975258345678681,0.983303115178591,0.9694269486237435,0.9750785451450059,0.9719748781932502,0.9716317992275224,0.9602772345807133,0.942076523554498,0.9764620739884114
2022-05-16,0.921713325692712,0.6349563372418414,0.9524687843167843,0.9588866200142014,0.9779101387446123,0.9639180471949222,0.9689900697127768,0.9652450544869325,0.9655302738855271,0.9533628962134522,0.9367607000813515,0.9685068416133077
2022-05-17,1.0563733447040358,0.6707509497131877,0.9571350318831027,0.9671915582244934,0.9801935927767822,0.9665466117711474,0.9726092920167291,0.9692733178930677,0.9745561690479125,0.957260705844326,0.9436424424726745,0.9772814588760829
2022-05-18,0.913231242429769,0.612550723167522,0.945467827933415,0.9684603319974315,0.9736297120611754,0.958952899948608,0.9636039003263227,0.9576580498325153,0.96403184250028,0.9504463568144111,0.9341634839353692,0.9654245399244207
2022-05-19,1.0532636665117778,0.6451774206078652,0.9475930265027372,0.9696527430197515,0.9802502562156422,0.962842130826934,0.9694142143072588,0.9633198579492308,0.9736900247649829,0.9526042255454217,0.9414747681073591,0.972058655392818
2022-05-20,0.9623046149839569,0.6208572093343941,0.943623400260543,0.9643630550623454,0.9758381395290923,0.9599210482203014,0.966200950085807,0.9587038953562481,0.9683759722127548,0.9510984014636927,0.938260444803787,0.9701560824517794
2022-05-21,1.022334384000503,0.6347236726571492,0.9464394691133914,0.9659250289680044,0.9768342942580585,0.9605030286164361,0.9670809860925674,0.9612953836283441,0.9702589697946128,0.9521636309905831,0.9441348519584293,0.9732255525900941
2022-05-22,1.0365255159496272,0.6579072822863938,0.9510525315498368,0.9688422109257997,0.9802269862456755,0.9620979403149882,0.9707515182571885,0.9649073093296109,0.9731809200026056,0.9532067560188375,0.950302369906194,0.9783888309994818
2022-05-23,0.9653379734921392,0.6351028826280682,0.9445408150595204,0.9659267725353571,0.9756427681562281,0.9592355918460346,0.967105571062268,0.960891385380549,0.9693117440512279,0.9517291341406231,0.943939000348305,0.9813100244817291
2022-05-24,1.0116629142962523,0.6425100331174622,0.9445913761507434,0.9672650097758496,0.9778187120690744,0.9596904078701388,0.9674335329216704,0.9636978036179885,0.9710007388632435,0.9522154131618185,0.9462499591451922,0.980876436094823
2022-05-25,0.9793402214622856,0.6292359181249959,0.9400181260803653,0.9653253552640711,0.9773743647438637,0.9589032826176254,0.9654750075856605,0.9601207322682452,0.967959952688826,0.9511848733693222,0.9433875722875775,0.9813048365049556
2022-05-26,0.923170692362258,0.5808921581946536,0.9303175866935668,0.9586241955493867,0.975999661510024,0.9530523372670606,0.9573138528260785,0.9548644360376322,0.9606862091870373,0.9441071918320805,0.9356170940734531,0.9666442707044525
2022-05-27,0.9721530239439506,0.5647160681742602,0.928003580908141,0.9521936248389794,0.9735058116026456,0.957622351224499,0.9535278486194051,0.9507990001250237,0.9575249807257529,0.9432784167385884,0.9335301359033183,0.9605736931741858
2022-05-28,1.03314868230306,0.5834356617096019,0.9340931392834209,0.9538362246875691,0.9753033920338398,0.9578776734903967,0.9574063025580629,0.9551118014516915,0.9599131452534221,0.9455239834617641,0.9354578908079664,0.9674949351972653
2022-05-29,1.021215704443844,0.5958136602704314,0.9379032276143077,0.9534765964032981,0.9771994931488597,0.9589900560066014,0.9586493823990833,0.9569915834039473,0.9609062760694417,0.9509331491959818,0.9402361556521099,0.9667969238573648
2022-05-30,1.111838638609135,0.662448648899802,0.942050753163322,0.9810853554303582,0.9868514997474183,0.9654121119250108,0.9691841715142272,0.9676320778368409,0.9698300693862436,0.9559642921486393,0.9482106326292953,0.9829616610089406
2022-05-31,0.9874475021078564,0.6541332636308339,0.9389324266285664,0.9807130327248985,0.9871100041759551,0.9631191260686025,0.9662411737780755,0.9693093528379886,0.9687990716628757,0.9530208172129295,0.9461705094153579,0.9837944401647533
2022-06-01,0.9147874095318242,0.5983928737254484,0.932247010202576,0.9664845819486837,0.9792910285105101,0.9577321554382234,0.9597661393342367,0.9606707603387743,0.9603061215087302,0.9473475446006494,0.9388611571837889,0.9719773200140953
2022-06-02,1.0337585606743616,0.6185937558602145,0.9347628210720846,0.9674489372641867,0.9820398756453845,0.9598045892458276,0.9606810730348548,0.9643576860824742,0.9632122313775203,0.9496960475666602,0.9492291871820744,0.9756238114309791
2022-06-03,0.9599790253307566,0.5938370308263807,0.9305759142049821,0.9620427614476253,0.9789378878900132,0.9569077557305753,0.9574428450347697,0.9596758692934303,0.9602358656321629,0.9467780752379922,0.9450538076630441,0.970755425094741
2022-06-04,1.0227900861243904,0.6073706279027662,0.9347580100475332,0.965199173913946,0.9796392514888125,0.9588244570895749,0.9591226334069998,0.9675268312241085,0.9620253156485356,0.9473693496936649,0.9438165743053961,0.971902252464556
2022-06-05,0.9958571403218931,0.6048543766187614,0.933737729012562,0.962552417430503,0.9798703394416978,0.9578736993494118,0.9592147802677281,0.9709037713206533,0.9612285713601454,0.946863196714102,0.9430111867488827,0.9710041739868945
2022-06-06,1.0371888845199704,0.6273482361822352,0.9384873882490877,0.9657029869811671,0.9859869561010636,0.9595785566128515,0.96222145943223,0.9755826543030893,0.9633070015199863,0.9486048666866835,0.9452333185394268,0.9773110427674141
2022-06-07,0.9858306067311262,0.6184590923072348,0.9349527550093045,0.9609623584122503,0.9849756720953537,0.9571488777600372,0.9596986238786158,0.9857472472564992,0.9622256414838591,0.9463617861904008,0.9425001306593325,0.9740323488249608
2022-06-08,0.9835067827415059,0.6082587121323205,0.9346957814236267,0.9597416544151147,0.9811682716634977,0.9558439661239841,0.9585214857256601,0.9856064619023822,0.9583125302298598,0.945297751740082,0.9423026695599979,0.9711596423798113
2022-06-09,1.008915477304373,0.6136816288755234,0.9344606913719404,0.9594441508208787,0.9807709807498365,0.9559622684354542,0.9583503943430584,0.9937646355122786,0.9567275090554196,0.9452257076267668,0.9431055912405178,0.9736238679978938
2022-06-10,0.9275336525663104,0.5692103627437571,0.9284297704594253,0.9527623973832513,0.9765457004713813,0.9512948658107866,0.9513972190266448,0.976171290884008,0.9510812099636866,0.9420840178955611,0.936733554288996,0.9649422996028617
2022-06-11,0.9197832039693351,0.5235501311770004,0.9223855186256779,0.9437151759955775,0.9735731809002857,0.9444252956590212,0.9437116595546828,0.9610232622905872,0.9435168261421237,0.9360994933220058,0.9314027296299119,0.9549523492090336
2022-06-12,0.9073032636560712,0.47501874270445665,0.9145691594448638,0.9330093684789391,0.9646384002857236,0.9357340129388667,0.9374613015651733,0.9485388174189134,0.9357207500000152,0.9298830323051295,0.9210297659421576,0.946506897885343
2022-06-13,0.9013554526483745,0.4281607338468372,0.9107072897916931,0.9270839169195678,0.9430841402018403,0.9218977795456997,0.9217562281880061,0.942541926311547,0.9270009920292167,0.9248919069156458,0.9197736086185737,0.9353238927732175
2022-06-14,1.0349783813506006,0.4431371032746849,0.9122981589075687,0.9312345754521197,0.9410763762558391,0.9240860664769356,0.9216861838043346,0.9582919693086194,0.9327731136924396,0.9262938500319987,0.9175468394213215,0.9414540368610592
2022-06-15,1.0869025456517756,0.4816468456220088,0.9184573141303574,0.9424610878318049,0.9435433089108847,0.9355462542351893,0.9237913715757213,0.9695617283157184,0.9423025378624234,0.9324955228999158,0.9215711593412083,0.9581470420790936
2022-06-16,0.8785130539627906,0.4231330412789357,0.9102888464521179,0.9291790895639743,0.9324405376842052,0.9244036660316545,0.9123267552625492,0.9523144186331702,0.9307489736770548,0.9248667414313853,0.9151252437704934,0.9416790386379456
2022-06-17,1.021044843577831,0.4320378099452628,0.9110202247596323,0.9310422970170121,0.9328268245206857,0.9271338214652018,0.9137328372177425,0.9523144186331702,0.9369894964815048,0.926791933383426,0.9162461639754885,0.9448016034287318
2022-06-18,0.9372089858467827,0.4049097177062648,0.9068623246714105,0.9244056504287022,0.9244272205259635,0.9206878536998825,0.9068658899825833,0.9437477066939054,0.9360731103737395,0.922217508140102,0.9132234698023944,0.9359033994272825
2022-06-19,1.1120629550429664,0.45028509719804216,0.9119257521984152,0.930575545854168,0.9339325432784518,0.9336460531052081,0.9174320441499183,0.957747109363801,0.9526093748828564,0.9276022334421045,0.9190681394678174,0.9537403664341733
2022-06-20,1.0145543544521167,0.4568387061071683,0.9151617599820626,0.9353814017262452,0.9339319507863711,0.932943625176141,0.9174111482742441,0.9648863127759543,0.9493742793852017,0.9265517599182901,0.9195970731740563,0.9567122246455716
2022-06-21,1.0548298912011025,0.4818871226594768,0.9144807166186655,0.9378907757907683,0.9347263392816926,0.9418451752202666,0.9172414117644756,0.9626476051308542,0.9509423010968528,0.9504331016284466,0.9222053026445373,0.9708163176289779
2022-06-22,0.9600965635426129,0.46265817048080127,0.9118678090460082,0.9323250309003501,0.9310212260909186,0.9357977489291431,0.9121483268574997,0.9585892249061301,0.9481827408136482,0.9415642746865712,0.9177419016133885,0.9767523537613788
2022-06-23,1.0766131860276495,0.4981038869630589,0.9192384308336203,0.9368845030242975,0.9368854199569637,0.9392695207383785,0.9187393241589599,0.9651775905053248,0.9556258647637345,0.9473191747262802,0.9233964004065337,0.9957102306594594
2022-06-24,1.0424998500117122,0.5192732274492398,0.9260771462738657,0.9510702538324323,0.9375084987782593,0.9434715258403008,0.9239773081448897,0.9697987818004083,0.955818876716529,0.9519919025013486,0.9265190460894722,0.9915030632625845
2022-06-25,1.0343839380198645,0.5371278859172294,0.9287752027679592,0.9551567394595137,0.9386970534806186,0.9456326738834846,0.9250684738630102,0.9697987818004083,0.9614483724545203,0.9603206867444604,0.929986899959267,0.9955216642073952
2022-06-26,0.9622722650943182,0.5168632674268948,0.9239841570670738,0.9458803282376055,0.9366405809363694,0.9515173464789978,0.9223538162568425,0.9608678896582848,0.9573605656201802,0.953524416333269,0.9272947981052458,0.9950015622292262
2022-06-27,0.9848571701581117,0.509036494916727,0.9227382590051698,0.9443850953768327,0.9352498874748951,0.9504086170027353,0.9220205954979995,0.9584047890357446,0.9559629833934523,0.9543796294698312,0.9284571115711034,0.9877087110266809
2022-06-28,0.9429574409020767,0.4799997505724398,0.9190406528450727,0.9408870421364458,0.9330490099056772,0.9418907935368972,0.918916383605611,0.9545797948909829,0.9499549060356983,0.9448190736795709,0.9256211177291419,0.9765465234729755
2022-06-29,1.002633373977875,0.4812637694249838,0.9179666202835889,0.935219963180494,0.932250001375743,0.9470020797954982,0.9159482614224693,0.9529988504104808,0.9519459379345561,0.946917789760089,0.9258709815361893,0.9819701655592401
2022-06-30,0.9855848184014597,0.47432626479192463,0.9153727783585611,0.9363802334434455,0.9313404869746752,0.9423802183301158,0.9139828798848946,0.9536984863056946,0.9522643322747844,0.9481947440658611,0.9221318592077258,0.9788210158694605
2022-07-01,0.9708365248908809,0.4604932625750639,0.9125188052952405,0.9330922782252233,0.9279627944008404,0.9423802183301158,0.9132141987311015,0.9503241341539778,0.9469120075016995,0.9452293080198807,0.9206204633971469,0.9747674275283418
2022-07-02,1.003481300228366,0.4620963778752275,0.9132261769204731,0.9323918414168326,0.9278215497213164,0.9427345624922507,0.9137247707383779,0.9528761266740852,0.9455880240498629,0.9456099284569324,0.9198433404940612,0.9765494553209546
2022-07-03,1.0050443677086385,0.4644273619220601,0.9143011697396133,0.9339136222238908,0.9281501532473418,0.9435639265117073,0.9142317580461898,0.9528761266740852,0.9464114899694426,0.9452304757422776,0.9201012648853882,0.9762529399767224
2022-07-04,1.0512016388153849,0.48820680396317545,0.9185511312354713,0.9383370802640487,0.9329294655757734,0.9468829309237832,0.9195741598227677,0.9566818816674272,0.9490971419939911,0.9493818396699255,0.922668283036078,0.9892301916563898
2022-07-05,0.9804572800091604,0.4786659150957004,0.9189029362223139,0.9357399216912348,0.9326273441291658,0.9436414759011443,0.9183418187994021,0.9546048273658868,0.9440903097211686,0.9481197699656811,0.9209541247816883,0.9878086845540776
2022-07-06,1.0306835441617899,0.49335308184028287,0.9226230119854054,0.9380129211869448,0.9345940063031416,0.9455411497880534,0.9220104535361181,0.955133291187381,0.9453602323161985,0.9494052843737806,0.9314245879792494,0.989256442094892
2022-07-07,1.0486679060803614,0.5173635432917426,0.9258336963149263,0.9410600871724707,0.9398110618723042,0.9485855350386421,0.9253758996465864,0.960263443687296,0.9488495000817695,0.9565420592897051,0.9333815885398472,0.999947486486536
2022-07-08,0.9834904071057707,0.5088220818136799,0.9244344157889215,0.9383163801830426,0.9396684535709844,0.9465288797377082,0.9238925570937048,0.955672991288116,0.9473734274174824,0.9558563872358207,0.9305764406418691,1.0018457867383739
2022-07-09,1.0330303953506088,0.5256286763391056,0.9249594273583313,0.9399969490179239,0.9396544495266369,0.9471030574636439,0.9240839157127629,0.9576637906424252,0.9525058457929627,0.9596010556314117,0.9308134127395685,1.020079048031646
2022-07-10,0.9614799510131066,0.5053814339776073,0.9227758112464199,0.9359506791017969,0.9362684024242581,0.9441323706523275,0.9210585302811048,0.9531577518008744,0.9489143855355957,0.9562158124545043,0.9273716101955712,1.0138162543123843
2022-07-11,0.9321250429651371,0.47107869086015974,0.9171580239608892,0.9304800597893005,0.9319439107294211,0.9363549909650527,0.9164204811306784,0.9504923151396727,0.942473013760356,0.9482340969530477,0.92570726401594,0.9952395188497712
2022-07-12,0.9722303120100731,0.4579969825962699,0.9151723325450067,0.9265695883264162,0.9286822693384248,0.9334669792897752,0.9124425646476694,0.948710108596832,0.9396954068090299,0.944501592681822,0.9249434061115238,0.9943502339818046
2022-07-13,1.061415692148201,0.48612518428420737,0.9222373525803343,0.9301298212522696,0.933453739177535,0.936719849754559,0.9178268268300777,0.9530098432677795,0.944298455724493,0.9505243982190463,0.9265657964208136,1.012018350376264
2022-07-14,1.0467634350387542,0.5088580677601844,0.9252364276270214,0.93343681289735,0.9352188544157801,0.9374741765090088,0.9230630206141156,0.9547414614959111,0.9477379141652927,0.9510682550806535,0.9261459522041023,1.0383069995448786
2022-07-15,1.0023654599047012,0.5100617511166549,0.9239692143548635,0.93343681289735,0.9363700677790397,0.9381399070051704,0.9254898948761197,0.9555700940785892,0.9485998315924091,0.9530610429516182,0.9279146561390592,1.03143590612078
2022-07-16,1.051005743801276,0.5360778301169412,0.9298197838463728,0.9357946890174956,0.9381128589978299,0.9401476467699406,0.9334853504076467,0.9600380248914712,0.9547741705166313,0.9547934349520544,0.9279146561390592,1.048459695336016
2022-07-17,0.9762190065869727,0.5233293667700603,0.9279917997103415,0.9366175357490528,0.9363066801764475,0.9383916875625284,0.9324261348454594,0.9561150534019672,0.955992593175518,0.9523164632468982,0.9271296747833694,1.0363853925029067
2022-07-18,1.0961316026492098,0.5736378575110623,0.9379990995831244,0.9469660966998517,0.9439006455650909,0.9444662657343051,0.9476993432133154,0.967249971423704,0.9612119140974514,0.9626924524577206,0.931651801337988,1.0472220732423927
2022-07-19,1.0142433731896814,0.5818083955913217,0.9401393527044152,0.9494561739658212,0.9480201546175214,0.9462635269935454,0.9454370735619162,0.9704819132692684,0.9600318771108993,0.9643262087390297,0.9327250419770459,1.0477343639435173
2022-07-20,0.963272185197859,0.5604398445877128,0.93703550439028,0.9428920032252216,0.9472867423055006,0.9476471097023177,0.9442451795366441,0.9647799907664437,0.9588698401294996,0.9623284844584719,0.9280928171887978,1.035353447888682
2022-07-21,1.0229354421899801,0.5732937802442157,0.9410144213537395,0.9440551394713943,0.9469746054410885,0.9474434372997769,0.9474549870863274,0.9667110957652223,0.9602812746883196,0.9629652837002773,0.9292085927924963,1.0449440715345781
2022-07-22,0.9674107199411235,0.554610548683825,0.9372198060404243,0.9418817158562672,0.9449697891999599,0.9442708702626836,0.9451066116196203,0.9635534877372569,0.9570289433868374,0.9608628835531258,0.9281375242271173,1.0362488584771392
2022-07-23,1.0198175518985444,0.5656015720158468,0.937133630426808,0.9570916754746085,0.9439354525183479,0.9450527372334471,0.9459141696132258,0.9645049296412023,0.9574282265730596,0.9598991149993653,0.9288314057041507,1.0383461143592838
2022-07-24,1.0127674499569197,0.5728228617821143,0.9376687542848645,0.9518804007692916,0.9444928543064267,0.9444363749124872,0.9488140445123247,0.968270551755745,0.9609534139343026,0.9598204406432711,0.9292356938379822,1.0453008526654144
2022-07-25,0.9233169220927236,0.5288970416450074,0.9296829107674235,0.9418541576538266,0.9390600184033462,0.9374607480115564,0.9396225182893703,0.9583715182826766,0.953544360083888,0.9529072605249388,0.9248006378532672,1.0401800687240965
2022-07-26,0.9899464993520006,0.5235797748941043,0.9290554410047023,0.9409028162395153,0.9388007484285434,0.9382480267662066,0.9401458819037181,0.9569310352291652,0.9533267057847961,0.9543271241499138,0.9255709504680567,1.029694150144163
2022-07-27,1.111241098082798,0.5818233639872687,0.9371390139295738,0.9501643030961238,0.9467063315223445,0.9445750904493599,0.9519966586689699,0.9653095688934874,0.9627237766502804,0.9597348241849462,0.9292129097674188,1.0674976009386317
2022-07-28,1.0664941120738627,0.62051119195943,0.9393567388554295,0.9520631250209304,0.9504691236250008,0.9468728138442772,0.9571339672604718,0.9705413137218946,0.9700483015048214,0.9624111954266853,0.933268847317251,1.0996765056901734
2022-07-29,1.0058254345365139,0.6241259392873639,0.9401029963944311,0.9572704519089045,0.9501939347446748,0.9465052044747585,0.9569790436191364,0.9797424512137118,0.9657075086430444,0.9615483946904562,0.9340288810486185,1.0947033641745871
2022-07-30,0.9957381750998084,0.6214660238184536,0.9394372844493051,0.9615119575949505,0.949679006945819,0.9475098850629575,0.9556407494171452,0.9788689105506426,0.965349480264828,0.9628339466459606,0.9336216710083987,1.0873203964582006
2022-07-31,0.975715398404446,0.6063739690248494,0.9381268045142082,0.9563096498766154,0.9482892939550349,0.945696383177142,0.9546140211802064,0.9765176717881895,0.9642868251688405,0.9612538818463805,0.935957526060584,1.076028068809778
2022-08-01,0.9961887689291244,0.6040629377135318,0.9377323271821494,0.9551697655418953,0.948186503125036,0.9461425418512188,0.9519505090628957,0.9753654728784167,0.9638068672313854,0.963017591178454,0.9351575321281642,1.0770239981730338
2022-08-02,0.9767379083242982,0.5900111702785459,0.9358323910957992,0.9521883357464079,0.9470442229566558,0.9438667829279813,0.9519856205299387,0.9697604082938153,0.9615756653577584,0.9616134077460144,0.9328507236637175,1.0742721696385225
2022-08-03,1.0184340219799035,0.6008874491598492,0.9363446638257458,0.9520869054769696,0.9463380084536087,0.9434934410328271,0.9512580810159329,0.9713138353913053,0.9611165757084306,0.9622933953556543,0.935063241520653,1.0911331771220583
2022-08-04,1.0064473183945482,0.6047615618638705,0.9371922861427755,0.9547258744801974,0.9455388784940891,0.944722785687269,0.9506870211431592,0.9724560805137697,0.964141796129635,0.9622933953556543,0.9357084631837578,1.0888401318335827
2022-08-05,1.0415514957818173,0.6298903093506624,0.9413807179326685,0.9583970165600222,0.9483382053909218,0.9477333973582341,0.9578503362224455,0.9797565672879115,0.9686647491655154,0.9644325369711707,0.9374726726981306,1.0923767931302004
2022-08-06,0.9862440690547285,0.6212255817521389,0.9456486691895973,0.955958500261927,0.9469376575272251,0.9463968085175911,0.9553652300740224,0.9785750105235662,0.96612746764521,0.9632968853553439,0.9365084556530943,1.0877535510554386
2022-08-07,1.0185437115022786,0.6327454097179858,0.9489348692759905,0.9585214526460418,0.9478092467532775,0.9467867481859881,0.9558868028961699,0.9862415481567792,0.9665499077114078,0.9638719531218339,0.937621848270598,1.0882449075135632
2022-08-08,1.0194336727192181,0.6450419769250327,0.9489603620560837,0.9592831242712619,0.9502817939418391,0.948070918375634,0.959993135173859,0.9898899532089058,0.968870444551292,0.9657786090055117,0.939753090458183,1.0882449075135632
2022-08-09,0.9687868841454809,0.6249082069682437,0.9477349956434935,0.9543293107731476,0.9477565508256066,0.9468869742957979,0.9560830451703587,0.9917063328283706,0.9636571403770192,0.9637657849421043,0.9364307084766595,1.079959913391156
2022-08-10,1.0553309767227579,0.659484988421864,0.9522722502943686,0.9588884263287922,0.9509235836030839,0.9494193576710318,0.9642429627946106,0.9960938020115372,0.9674270316828304,0.9663395920169968,0.9389548510464041,1.0988733959951424
2022-08-11,0.9907275707536399,0.6533699605276857,0.9506768143628258,0.958385816695906,0.9508499652416341,0.9489641631524146,0.9656194299757307,0.9947996957425913,0.9677959834138492,0.9658641023179765,0.9380139995456779,1.092794823685469
2022-08-12,1.0297833448159484,0.6728295033544643,0.9526802184489753,0.9594460074461207,0.9526235667973303,0.9505605497378836,0.9697009177658626,0.9997219092637846,0.9693457783266686,0.9683311501868609,0.9420692507367235,1.0986616734758257
2022-08-13,0.9972311137011092,0.6709665149611367,0.9522469825627937,0.9621347035866539,0.9527621847799459,0.9512306038458918,0.9709889130352403,0.9973595302742526,0.9706792314820989,0.9680642818303601,0.9407085889901147,1.0936212488691837
2022-08-14,1.0204603834164991,0.6846947471168737,0.9498827802850082,0.9590704909043238,0.9522601528492712,0.960569328823977,0.968520050158145,0.9923833857157777,0.9697186481071166,0.9965568215495214,0.9392371224488487,1.0908769409832035
2022-08-15,0.9630552440221692,0.6593988667653383,0.9491753167318647,0.9573537960714832,0.9515001634029847,0.9552252014395549,0.9667066406982265,0.9908599212341286,0.9661993022831518,0.9855588931386434,0.9375663503387299,1.0819351554006575
2022-08-16,1.0057177245629971,0.6631691278626549,0.9472667706974988,0.9563044298906354,0.9506005030487414,0.9662944511042852,0.9655457887212654,0.988284971953777,0.9671722257941346,0.9893003983825537,0.9377137358908458,1.0787121089366851
2022-08-17,0.9557617802777678,0.6338317062712657,0.9435032916889017,0.9518635103683667,0.9486942810251328,0.9590985764482484,0.963361573225444,0.983138169117676,0.9659837761785806,0.9821774577959587,0.93542356916551,1.0702677152577624
2022-08-18,0.9576054959359354,0.6069607254238155,0.9401126331529359,0.9478993157768082,0.9481055563966442,0.9528673838077685,0.9640141179633479,0.9774934713118512,0.9652171526990826,0.9728389482264438,0.9319241453104016,1.0612647089151397
2022-08-19,0.9071382159984016,0.5505972696420557,0.9354524566853559,0.938427485902532,0.9385450124235621,0.944617993361577,0.9506806483407282,0.9668246259095238,0.9555700257661391,0.9703869931271689,0.926154766142996,1.0445823469632824
2022-08-20,1.0038508899657166,0.5527175591428712,0.9350481364292937,0.9379990048586798,0.9398981750889593,0.9466457525510107,0.9486674072140414,0.9668401360786548,0.9557620859719126,0.9681810572140875,0.928726598346337,1.0472442615942517
2022-08-21,1.0256822485939239,0.5669125888990053,0.9369748417975027,0.9397589049589153,0.941556599478153,0.9466328588144041,0.9512222600569532,0.969652203184763,0.9584933421009729,0.9730532311437223,0.929815191845453,1.0528270287760708
2022-08-22,0.9886642662587698,0.5604862187366947,0.9357948719303698,0.9386649621855393,0.9410572256180093,0.9454763528764859,0.9516097454461486,0.9690781047438906,0.9611298005874952,0.9705070535614289,0.9284975926036375,1.0468338910881745
2022-08-23,1.017035685206772,0.5700344855218269,0.9384910534348858,0.9410332427047365,0.9416209644611787,0.9460351227393644,0.9540565416707437,0.9720866943592136,0.9608882759828367,0.971791369741533,0.9289054239044472,1.050240652212322
2022-08-24,0.988176309873856,0.5632945744038008,0.9371197458305105,0.9403588355826675,0.9409301352701598,0.9448731828955559,0.9535327090973966,0.9703243425300004,0.9598368476067737,0.9697365985437678,0.9283142169825516,1.0486896070638596
2022-08-25,1.0148382264369566,0.5716528668495136,0.9370631871441542,0.9412506652657807,0.9417585086710502,0.9462243725085491,0.9558405223115564,0.9703243425300004,0.9601282727450281,0.9766797347437143,0.9304068670865165,1.0481671785336355
2022-08-26,0.9047133909220457,0.5171820035977321,0.9305708328823611,0.9339549649994797,0.9361197798168768,0.9394081519298467,0.9447868062493827,0.9610287064352072,0.9534539038285004,0.9647993839720693,0.9250081372279634,1.025784971025953
2022-08-27,0.99481877644891,0.5145023680204917,0.9286439452960515,0.9366221635663833,0.9351634501221703,0.9394081519298467,0.9436807672972444,0.9614390388708793,0.9540659532285536,0.9625509239255027,0.9251935344600806,1.0230020657629548
2022-08-28,0.9646786160852487,0.4963294323545912,0.924041772614689,0.9332469285001831,0.932888352146999,0.9370301751197817,0.9395099137055808,0.9569164425961251,0.954812173857923,0.9594287502925603,0.9238188331929523,1.014074673749396
2022-08-29,1.0619369289898175,0.527070553161894,0.9265418788527499,0.9370285797405249,0.9364521725966215,0.9399580015891514,0.9478805129277985,0.964494656886451,0.9594377097865221,0.9654326816066866,0.926905841952485,1.0312749987025238
2022-08-30,0.9763769644187588,0.5146195467307261,0.9267510511364605,0.9371403146907513,0.934264807635756,0.9368701096251221,0.94614994109979,0.9621671206657121,0.9543283266102891,0.9630551325420045,0.9252424260989015,1.0266079734385656
2022-08-31,1.00495504854021,0.5171695115645176,0.9259857601195919,0.9387426423696628,0.9353885817348544,0.9366097094502217,0.948068694420624,0.9633396547232106,0.9558768075679552,0.9621876053707781,0.9249861706810982,1.0260481722124934
2022-09-01,1.0223904819777894,0.5287491861926651,0.9265640356190307,0.9380581480660422,0.9357711058721941,0.9380276357113445,0.9501471782799015,0.9682426973729177,0.9628311624999925,0.9636538079496214,0.9251252186617284,1.030502070696364
2022-09-02,1.0037590585493779,0.5307367853414993,0.9251640183823474,0.9381138993673052,0.934945660796494,0.937039327948376,0.9494601998340233,0.9682588721163871,0.9690781558660807,0.9628089386219616,0.9249891954050723,1.032963158798453
2022-09-03,1.0030138101716468,0.5323363252636286,0.9252529120031966,0.9444461222478903,0.9343968715822512,0.938448224349668,0.948328362118447,0.9671792047332302,0.9675351231283101,0.9640703896549933,0.9251924362959366,1.030505431762754
2022-09-04,1.016422915435915,0.541078839716899,0.9256074521350182,0.9410452064399919,0.9351644968997506,0.9391383403928282,0.9497030484976682,0.9719454916327539,0.9689065041668679,0.968519946149205,0.9262958875727075,1.0351228434612192
2022-09-05,1.003727845729384,0.5430958981587976,0.9268578394107151,0.939624192805294,0.9342512915852977,0.9385111421633702,0.9520941048226259,0.9754202799902579,0.9679877321972095,0.9667773950289493,0.9259187939242781,1.0378070556083547
2022-09-06,0.9227436114015987,0.5011382704044437,0.9232896203088417,0.9333173701793697,0.9297561189528215,0.933489511352392,0.9484492262899779,0.9640615137060046,0.9567269330032934,0.9615785277833713,0.92183203316012,1.0174301054530182
2022-09-07,1.0423136979542986,0.5223432838116769,0.9257950381629277,0.9354828216897049,0.9321758999177728,0.93640633231941,0.9532007175991439,0.9713001983757896,0.9628729909181518,0.9637133250721859,0.923667286660768,1.025975925898082
2022-09-08,1.011277510738939,0.5282340158042758,0.9261565727716018,0.937396344657117,0.9323007072610208,0.9363928363870718,0.9535472779523437,0.976572562280552,0.9640784225567123,0.9633712116966943,0.9240567975282383,1.0276294780633388
2022-09-09,1.0598852601840543,0.5598674472787827,0.9298820152260527,0.9422480129909816,0.9416524838396807,0.940249609815694,0.9588370510261829,0.982059377246944,0.9698989387320239,0.9692047842596462,0.9282274234195087,1.0366370890899872
2022-09-10,1.0183480238438318,0.5701399085508391,0.9300514114321047,0.9420364620481837,0.942911428240728,0.9412736984102016,0.9622221388965198,0.9845693582120914,0.973646044630124,0.9720938075765511,0.92708886280096,1.0410535657768745
2022-09-11,0.9921894682083479,0.5656868126694131,0.9307169091241269,0.9413614607880305,0.9436781937906568,0.9400681052331734,0.9617440565960667,0.9864607845935794,0.9717218281735595,0.9700387769598268,0.92708886280096,1.0361857881549605
2022-09-12,0.9962825474708207,0.5635838987969318,0.9326746237578826,0.9397403338816781,0.9461426597618593,0.9403683594190366,0.9587534073271331,0.9823635739662143,0.9703738689758789,0.9690053623266737,0.9258996914261605,1.040297920221017
2022-09-13,0.9203322711108223,0.5186844495412721,0.9256138043718113,0.9341336247232839,0.9364545900103768,0.9349795690610326,0.9502121624773802,0.9710164958544443,0.9664244646039796,0.9628680737815142,0.9223234588561154,1.0242404791378166
2022-09-14,1.0233593022183864,0.5308005563540841,0.9263721660890947,0.9349825549489107,0.9367037435000989,0.9370287032799164,0.954357937336888,0.9781434429264492,0.9684489035461293,0.9637286350044718,0.922715146668685,1.0283964783972737
2022-09-15,0.9567864244215258,0.5078627663949807,0.9236725294223432,0.9315506220477364,0.9342985419898178,0.9336398226546594,0.9438256817762207,0.9799339116828892,0.9614004668026952,0.9595202873313206,0.9209357429992392,1.0205130939924372
2022-09-16,0.9994108598860629,0.5075635640669224,0.9231778755265923,0.9322999611553592,0.9347830766320695,0.9362140120866191,0.9412723180415202,0.9814678072978497,0.9606577234025955,0.9582941078711416,0.9215936311986338,1.018821450071522
2022-09-17,1.031602999075633,0.5236040949129543,0.9245073291824275,0.9342047819695865,0.936267275510421,0.9386301877863114,0.943563184007632,0.9889146982327522,0.9642374703663253,0.9616200155506952,0.9229581770402417,1.0241725952929397
2022-09-18,0.917591412891576,0.4804546212469926,0.9191649202982567,0.9279251811909108,0.9330286137691456,0.932192877728749,0.9350029648761711,0.9794224093414001,0.9546036054329345,0.9503819229860166,0.9188013544875491,1.009078110278626
2022-09-19,1.0102230026275907,0.4853663101024387,0.9210510817177759,0.9294424955030997,0.9336380317077223,0.9337995994168118,0.9378570761078323,0.9754250469764612,0.9551632921066847,0.9536830824725497,0.9195694974495883,1.0093727951936542
2022-09-20,0.9706737755129896,0.47113234873394266,0.9190188911289106,0.9302247916833498,0.930330972688174,0.9335968280371032,0.9342319036994,0.9680050549226242,0.9539556059994628,0.9494931165000561,0.9178510981809984,1.0041206107750569
2022-09-21,0.977394104187991,0.46048197994479606,0.9186873088503523,0.9262537913869225,0.9282097854086735,0.9317469943103776,0.9288215713231422,0.964320936160523,0.9514907766880053,0.9481851544438212,0.9166141927471333,1.0053167684821094
2022-09-22,1.05837589813932,0.4873630291010459,0.9225194660696112,0.9299200265035061,0.9331318579750223,0.9354485662972457,0.9345767894619591,0.9725153060834532,0.9566461469701361,0.952671539893359,0.9202250729796821,1.0175695805630662
2022-09-23,1.0274950053059573,0.5007630781721065,0.9234525715785379,0.9347168967048096,0.9325763589609807,0.9409250412801687,0.9346303649020951,0.9782612892282362,0.9599045059498956,0.9546651099636929,0.9199559534119569,1.0225497710072542
2022-09-24,0.9898604354858682,0.4956855586346852,0.9222927429718089,0.93195999925722,0.930789778094456,0.9405431136695015,0.9339623835401216,0.9813672642330715,0.9564525519426331,0.9562558875718683,0.918979998620042,1.0193981764979285
2022-09-25,0.9865896143683969,0.4890382241413775,0.9214071577636079,0.9301284118025099,0.9302381496340322,0.9377861927038975,0.9324631065254516,0.9854943185710858,0.9547054593872598,0.9541989841270141,0.9174906286514735,1.0153584578754853
2022-09-26,1.021359368881135,0.49948377196778837,0.9222078370291441,0.9308456382757164,0.9323150578166607,0.937728447544409,0.9352642257257536,0.9869182995542406,0.9564927049700573,0.9550130449737388,0.920164636185972,1.0229326344879557
2022-09-27,1.0074706889601084,0.5032152598687815,0.9213604516087452,0.9298500490980842,0.9315943072263764,0.936809768879626,0.9347245327135816,0.988855549605875,0.9549707436668863,0.9550130449737388,0.9187801671106274,1.03615073279744
2022-09-28,1.0065193400644608,0.506495891273492,0.9212359584308876,0.9308371987518417,0.9331985797480844,0.936851813789745,0.9353275763878858,0.984325296744518,0.9561926347008155,0.9548370891235932,0.9202942473574792,1.0413510176778094
2022-09-29,1.0025934817385374,0.507809479118154,0.9215142161761029,0.9321655122936202,0.9340535683415194,0.9373391824343835,0.9352296149124668,0.9861105463359154,0.957465142667188,0.9550992650564165,0.9213065965630356,1.0361584852335965
2022-09-30,0.9983914795434078,0.5069926571829411,0.9210515132003356,0.9312425431743279,0.9332467745278366,0.9384647603215687,0.9347749943069048,0.9807246581685076,0.9565546433053774,0.9567558721707347,0.9236103742261429,1.0384488300221952
2022-10-01,0.9897841209528001,0.5018132815193417,0.9202794869682874,0.9311271005755665,0.9327130042573782,0.9369597668336554,0.9336710717153693,0.9774611727550001,0.9554916944184854,0.9555311270544243,0.9249794460629103,1.0367245008451234
2022-10-02,0.9787143814644799,0.4911318754328634,0.9189701944747081,0.9287947073730956,0.9314862490115511,0.9351043252418388,0.9313634545352729,0.9725748900886113,0.9533845529718847,0.9535008807100959,0.9265080008691228,1.0326662887495786
2022-10-03,1.0332365374810384,0.5074553984188205,0.9209103785550484,0.9320038596888899,0.9343049488095535,0.9366380247814892,0.9344732685276826,0.9764230268231375,0.9579739337407187,0.9555708744242066,0.9247969607108412,1.0435819260524242
2022-10-04,1.0317963555072887,0.5235906306710381,0.9218358234044666,0.933677618175688,0.9376936997095594,0.9442804493830512,0.936974054220888,0.9831023978661677,0.9600820523098739,0.9594118002231694,0.9256470452699616,1.0441590168674717
2022-10-05,0.997716851810959,0.5223951956708227,0.921686185534855,0.9324447895135503,0.9368585955291736,0.9428412877844191,0.9363861214626903,0.985623284758555,0.9588829780479722,0.9579677565624999,0.9239290343251938,1.0486359463519515
2022-10-06,0.9892784407058676,0.516794304605468,0.920636493876725,0.9320521473332942,0.9359383541403565,0.9410341734763081,0.9363772466320123,0.9815736026105212,0.9568516720080543,0.9557574969944517,0.9245477830474412,1.050325851432629
2022-10-07,0.9867645664638471,0.5099543079350001,0.920212550064661,0.9307486045522844,0.9339132595720521,0.9395262651935754,0.9350341704179181,0.9811374069076362,0.9555477813282027,0.9550716326987277,0.9231801336938457,1.0480445544945793
2022-10-08,0.9840418980452863,0.5018164050967279,0.9198751389615457,0.9301750482064625,0.9333799749895861,0.9385553746611714,0.9340213009191436,0.9785712784101582,0.9554723768090937,0.9541166058526077,0.9223591503622296,1.0399704938555874
2022-10-09,1.0118400903361693,0.5077579566652448,0.9202178961006893,0.930582797137219,0.9334817014469846,0.9392171452615505,0.9345248590434311,0.981585592766004,0.9575986178637501,0.9544691672872204,0.922954546926895,1.043459830757019
2022-10-10,0.962480815217152,0.4887072920641602,0.9180922408705345,0.9277031236568184,0.9320152708262096,0.9354016193913203,0.9323703994130285,0.9765483099237787,0.9551890079926031,0.9474107326285873,0.920646414289934,1.0365396771642659
2022-10-11,0.9795016407258573,0.47868959441153563,0.9172619683903008,0.9253766412804388,0.931659325099596,0.9366552313205425,0.9317010890082601,0.9730182848315574,0.9540092090924575,0.9476803382538895,0.9192062661474324,1.0249335529773411
2022-10-12,1.0025904650089124,0.4799296230559892,0.9172945407481619,0.9253766412804388,0.9321421668941686,0.9360070850627996,0.9326874708135494,0.9731978284187023,0.9544102095012379,0.9469461353734767,0.9192809095372622,1.0267360662391394
2022-10-13,0.9941877863516562,0.47714016955061866,0.9163198601884703,0.9226499972110694,0.9332498074849439,0.9357721671534991,0.9321816314221629,0.971084298184888,0.9521494612551391,0.9488669489972583,0.9174194951863794,1.029137423309191
2022-10-14,0.9957523211899924,0.47511343136301504,0.9163525047557712,0.9210092951310086,0.9322430670592645,0.934310481773326,0.932816591350106,0.9685675377940302,0.9525710555060121,0.9470231755835923,0.9168963136739258,1.0333742521601268
2022-10-15,0.9897006314639629,0.4702200630369862,0.9155656649862537,0.9209483776880146,0.931695088184991,0.9341772428888714,0.9313341651583693,0.9685495310378291,0.9507153710064687,0.9473927837040063,0.9183716330304177,1.0260501049516035
2022-10-16,1.0173239880716203,0.4783661498000755,0.9166247921779183,0.9224255131817891,0.9326912215798485,0.9346857553624577,0.9335076789556578,0.9737711534028478,0.952830802371359,0.9478597839776803,0.9190295964717246,1.0278870838127416
2022-10-17,1.0220707051856581,0.48892402806311136,0.9180253769887158,0.9233344570943661,0.9341438002091867,0.936259678524872,0.935264071104865,0.9765581153954928,0.9536123153495429,0.9489620416149124,0.9200253231854132,1.0366302445135067
2022-10-18,0.9911525395831166,0.4845982920779598,0.9170678646971352,0.9217914569379128,0.9330402092841527,0.9359425230700547,0.9338643883663944,0.9730119772268105,0.9536908039709427,0.9468925984202935,0.9187330766397863,1.0407950624846865
2022-10-19,0.9741154191486647,0.4720546684062489,0.914430056301698,0.9170691647928748,0.9320228349074977,0.9343722122582214,0.9321183358297526,0.9667159362861835,0.9518693014239744,0.9441751687615981,0.9158343945266498,1.0420004559424443
2022-10-20,0.9814278065212463,0.4632875777720591,0.9146934819029285,0.9135282722433381,0.9316021327194736,0.9354749034421866,0.9319423589790822,0.9646357256880014,0.9524373157571949,0.9445460530899243,0.9157338413595227,1.0271341747203748
2022-10-21,1.0034701987309629,0.46489527773651457,0.9165393361952612,0.9103060934054457,0.9322415738053714,0.9353380932162302,0.9331645463790769,0.9674312235077224,0.9532852962140272,0.9455856940484131,0.9157850637348822,1.0252677380064046
2022-10-22,1.0052938909009854,0.467356382617235,0.9165393361952612,0.909875363212749,0.9324497725234195,0.9358682155448844,0.9341484273750015,0.9685156992950915,0.9544199064279374,0.945397114770836,0.9157850637348822,1.0271243403823092
2022-10-23,1.025926944291704,0.47947350551372436,0.9186061645818318,0.9101200827705541,0.9343463893961498,0.9369234746911237,0.9377245189747467,0.972140019500895,0.9582207437228095,0.9469912796224301,0.9166990906590402,1.0332915730507461
2022-10-24,0.9758575052946445,0.46789781894550103,0.9167824260837452,0.906362144921183,0.9331283951692994,0.935555377282996,0.9363004099110988,0.9692746075121008,0.9552250082478572,0.9448854297082062,0.9154604557924492,1.029058343650908
2022-10-25,1.0536494648140473,0.49300028651958716,0.919746677684279,0.9101971526849815,0.9370145151127999,0.9409743322840751,0.9445187643037234,0.9721473609326076,0.9621670561035731,0.9475066551611149,0.916880126775106,1.0423274882769662
2022-10-26,1.039860151901519,0.5126513528277502,0.9208883286657152,0.9108933694985997,0.9404277472140268,0.9547685286391124,0.9517251581473589,0.9737846134496314,0.9630898769760434,0.9525850699150653,0.917603059281016,1.0455906244621584
2022-10-27,0.9924277267932502,0.5087694167243286,0.9205219114211257,0.910223328095486,0.9381578304502726,0.9607133171562008,0.9483078320591724,0.9693384076836162,0.9599902830724423,0.9512929847641444,0.9171160209416356,1.0487385014473114
2022-10-28,1.0360595590422879,0.5271154175456099,0.9249814603509091,0.910729321009049,0.9395787788159199,0.9706358558647942,0.9509682859976211,0.972990292248023,0.9603129920157535,0.9606542654306861,0.9177466560682559,1.0501846127285612
2022-10-29,1.0915487312761327,0.5753721652579994,0.9248621447870539,0.9118695126557944,0.9405871190610399,1.0231613058838525,0.9551243699842821,0.9815827278660155,0.9633921545006028,0.9707924654703947,0.919235578721159,1.0571731363100574
2022-10-30,0.9783326745793945,0.5629053893153959,0.9247801739805948,0.911520889003893,0.9398136612244445,1.0177662633765072,0.9534154193025824,0.9837827841864712,0.9612865320147257,0.9630490786114584,0.9189871680013694,1.051759338153188
2022-10-31,1.0197105702814553,0.574000575553307,0.9276286533156152,0.9113682282389985,0.939220785249215,1.0301935978471268,0.9523522036336004,0.9849405692922838,0.9607023978501026,0.967252540331385,0.9186698633709045,1.0535944583061008
2022-11-01,1.0217963918044803,0.586511716994064,0.9258155791897636,0.910819383883784,0.939190530239947,1.0507985176153338,0.9526919384633052,0.9823184847831189,0.9608539406461563,0.9703772218317993,0.9181099484819104,1.0577151168366559
2022-11-02,0.9676825610429803,0.5675571603825316,0.9239104872559503,0.9086233297267413,0.9378108160064262,1.0312953291661329,0.9492371976736167,0.9786644265822512,0.9704956223181174,0.9620171768806521,0.9168118456872819,1.0572090504303293
2022-11-03,0.9999240940469939,0.5675140794153873,0.9242425432568406,0.909176733252634,0.9380510311893147,1.0244145757559653,0.9499866051172525,0.9829747862874341,0.9720266753009693,0.9619386006063217,0.9199095747790518,1.0522432374347117
2022-11-04,1.0753372652955382,0.6102690381752575,0.9279797995426806,0.9137580258003529,0.9420889994251925,1.029184382580154,0.9567217174828456,0.9981974867488598,0.9819174355598422,0.9679103629793824,0.9222198956111136,1.0688928821849226
2022-11-05,1.0077494577221182,0.6149982922857143,0.9285743035951116,0.9181809824392185,0.9426937521584864,1.0270514570246476,0.9557348461254376,0.997446207553678,0.9845883121337605,0.9674692160434691,0.9222198956111136,1.0723334203413861
2022-11-06,0.9434718141505137,0.5802335545222708,0.9250324416000423,0.914474547039687,0.9411261951946669,1.0148815232236905,0.952509295470198,0.9893951158672881,0.9830259966384322,0.9630207396119572,0.9193054030801736,1.05692060498574
2022-11-07,1.0032603248914587,0.5821253044229393,0.9246259466258396,0.9142764382550973,0.9398016751043826,1.0102201880384347,0.9524982649440197,1.002272745192142,0.9815942779669398,0.9626360406467587,0.9192848740665633,1.0556427104195465
2022-11-08,0.8523966807610164,0.4962016772771097,0.9190640025711135,0.9053430834148294,0.9312324547670966,0.9802240036791862,0.9389963756589287,0.9832931514844192,0.9653087061224281,0.9502172625321244,0.9121641527300433,1.0317253183279222
2022-11-09,0.8283838872835756,0.4110454742994424,0.9092723112336139,0.8941624983094136,0.9184417303013571,0.9597456230482704,0.9234673291355221,0.9574403170430362,0.9513346511733783,0.9375226649245774,0.9028270540206621,0.9975921017368925
2022-11-10,1.1756481522311666,0.4832448523431229,0.9187104772972343,0.9031860076448945,0.9281804891493982,0.9866042736056246,0.9390837303707095,0.9775825407705561,0.9743393540873276,0.9531711332076878,0.9101126614968024,1.027217751096508
2022-11-11,0.9855794654387086,0.47627620324834274,0.914541678445263,0.9010716063048759,0.9255326550638853,0.9793958024678664,0.9383964826214565,0.9746163630297711,0.9762257906100426,0.9502451499498422,0.9082336486249705,1.0370600083818855
2022-11-12,0.9557226445201356,0.4551879524905157,0.9111470850936595,0.8982773049572509,0.924229483820019,0.9841329329498861,0.936164654871053,0.9608251573049068,0.9730295509801454,0.9472854684979863,0.9063557877767984,1.0205622758396145
2022-11-13,0.9847526481294324,0.4482475416116496,0.9109089049413522,0.901440054522635,0.9216867247388394,0.9789244943368215,0.9335636855026168,0.9570402737040803,0.9675026124548083,0.941786475260536,0.9066653873188368,1.028112250399898
2022-11-14,1.0204484105028768,0.45741349134943,0.9113234274090483,0.9029567735575391,0.9232331926003872,0.9805685853082494,0.9351686281220518,0.9610572085194355,0.9660477388241628,0.9425656641185062,0.9072419717495509,1.037444924708508
2022-11-15,1.0180856159651053,0.4656860960912338,0.9125764966990259,0.9025845668451072,0.9247066604520324,0.9823599604763974,0.9358880444432179,0.9634698150898159,0.9688311486356309,0.9442851292134937,0.9071391736075055,1.0434913010609883
2022-11-16,0.9730480075757284,0.45313492795729426,0.911110818993263,0.9017318641653417,0.9234803434297693,0.9798507965578694,0.9332540655583647,0.9590473634672423,0.9677427840416271,0.9430631285408819,0.9061800482853039,1.0334305353759583
2022-11-17,1.0018435510200923,0.4539703053159694,0.9104272482641889,0.9024197518316864,0.9236380603580576,0.9785321998258529,0.932107620291619,0.9599073135280447,0.9787004692104885,0.9421948202470253,0.9062318719430572,1.0260707172690358
2022-11-18,1.0050589504389822,0.4562669185913325,0.9108704188738498,0.9025446874016082,0.9236797485737457,0.9786457898731793,0.932989869213962,0.9591228838287094,0.9787655360698634,0.9426758827253154,0.9061025438123055,1.0298762598709523
2022-11-19,0.9992536940213501,0.4559264038621276,0.9104971342514556,0.9021717156473197,0.9236809577572274,0.9783389903242069,0.9333579574815417,0.9584358788589097,0.9817005815497322,0.943154768165068,0.9060768120531267,1.0270259369214243
2022-11-20,0.9464275325131692,0.4315013014148361,0.9081208867309786,0.898565120308457,0.9214688639868649,0.9661909276464901,0.9278947645533333,0.9514170766808003,0.9776714310647451,0.9397024649306407,0.9048408002449633,1.016911955757923
2022-11-21,0.9735419784129958,0.420084630667182,0.9067972369984445,0.8966673641700581,0.9187018662275236,0.9621958635020511,0.9252429398742202,0.9535204456913421,0.9758250893861657,0.9359671416556827,0.9038354835390886,1.008645359127355
2022-11-22,1.063500342546046,0.44676014861287733,0.9087786588714989,0.900557793443202,0.9212328749759213,0.9692656307318376,0.9277557495550308,0.9644672850035975,0.9976756728425625,0.9399953008962053,0.9056196841296357,1.0126880305329506
2022-11-23,1.0486301411898709,0.46848615771792923,0.9111990833175221,0.9011912431253315,0.9232472535228107,0.9745084873933018,0.9310546956679902,0.9699018003241191,1.0164574841479388,0.9423361893053671,0.9069854802685748,1.0184128164407729
2022-11-24,0.9988891754355698,0.4679657517858406,0.9108354036733641,0.9001635958352526,0.9232259634806693,0.9737098427115654,0.9324048457355087,0.9721693435282358,1.0156716856487267,0.9420564531671793,0.9067597149691372,1.0171927806291263
2022-11-25,1.0015811126566687,0.4687056583588767,0.9104052942253404,0.899377771113027,0.922832437297117,0.9863039127425369,0.9320926906432351,0.9724812896971244,1.005714872487109,0.9436429163348987,0.9065337548647835,1.0159728512656332
2022-11-26,1.008334763645255,0.4726122092404916,0.9102732241678361,0.899377771113027,0.9225073973072041,0.9854009288975477,0.932535764067363,0.9781259090141458,1.010830975280145,0.941962959177244,0.9064084508755089,1.016276986965364
2022-11-27,1.0094350574299158,0.477071332576755,0.9105351429337377,0.8994973741392976,0.9223563902121039,1.0007050083460822,0.9317179314682001,0.9734826124145557,1.0074957778859288,0.9444576163220323,0.9066072525812509,1.0159752749199338
2022-11-28,0.9869623646511934,0.47085145050725,0.9092049732475753,0.8989048697939114,0.9212725390151908,0.9950991041512774,0.9299145639147793,0.9787455790067202,1.0054774126402464,0.9426221460191524,0.9064841358764738,1.0123896359506832
2022-11-29,1.0277122068773805,0.4838997833122216,0.9092706206706763,0.9001047414007881,0.9224392837654538,1.0051702920335928,0.9333174127958703,0.981022303444502,1.0094088896079876,0.9425293408984403,0.9065340263241802,1.0175182284618478
2022-11-30,1.0516847913380336,0.5089100426412334,0.9114426037693688,0.9015660858381294,0.926009099586111,1.0134740236367947,0.9386357726723202,0.9873614325781936,1.0164601574983927,0.9450575657506983,0.9084516654567474,1.0293195938360784
2022-12-01,0.9848768414414317,0.5012137153743222,0.9106815100991432,0.900564002108465,0.9251289042212409,1.0059479253944448,0.9374584119778033,0.9875156667233655,1.0132652175251122,0.9438523536277503,0.9078502906055842,1.0307385360775854
