date,AVAXUSDT,AXSUSDT,BTCUSDT,DOGEUSDT,ETHUSDT,LINKUSDT,LTCUSDT,SHIBUSDT,TLMUSDT,UNIUSDT
2022-05-01,0.1,0.1,0.1,0.1,0.1,0.1,0.1,0.1,0.1,0.1
2022-05-02,0.1,0.1,0.1,0.1,0.1,0.1,0.1,0.1,0.1,0.1
2022-05-03,0.103844529266164,0.0960520397605967,0.10129194235611515,0.09969441469882141,0.10227867065003776,0.09989058925760562,0.10256855305446487,0.09701239111345127,0.09878126990040144,0.09858559994234187
2022-05-04,0.10438281054749166,0.09407503129143178,0.10089996782189764,0.10039653244441615,0.10130734087898656,0.10114910629658322,0.10298097599211298,0.09695774727450625,0.09887436276241705,0.09897612469015667
2022-05-05,0.10761351259495738,0.09851110150388127,0.09700153583050353,0.0962829979239257,0.09787092406994373,0.10141408955781595,0.10064335051355629,0.09510651969569811,0.10084449648608247,0.10471147182363537
2022-05-06,0.10394436878252634,0.09422547779223564,0.09831718137403764,0.09996026769167662,0.10065446697505451,0.09980963188355028,0.10086405338115287,0.09732329013354092,0.09823517229084112,0.1066660896953841
2022-05-07,0.10114679563877348,0.09329793424524098,0.09763330516391484,0.10043680635181237,0.0994159082106261,0.09949283442515214,0.10155707624884586,0.09683509387846401,0.09901241803840091,0.11117182779876933
2022-05-08,0.10064763022720301,0.09668438175178715,0.09909864381637933,0.10325713745866838,0.10026012256925534,0.0970161322149156,0.10205710940301067,0.09614807074253398,0.09645673020940042,0.10837404160684602
2022-05-09,0.0964597613490084,0.10532968128328385,0.0971738595546415,0.10270337896948513,0.09795919130746875,0.09710045583195062,0.10384849747999403,0.09392083269195378,0.09614645329897135,0.1093578882332426
2022-05-10,0.09389155798089047,0.10435673884215882,0.10471430484113917,0.1028462074634575,0.10566183791024868,0.09591961660045915,0.10277577091223865,0.0868850223439127,0.09102526022091323,0.11192368288458177
2022-05-11,0.09615814688555623,0.09657958227965677,0.1022114014922566,0.10317026460920312,0.10510143176084312,0.09627915515291152,0.10238275968017126,0.09517720665064686,0.09486874313747182,0.1080713083512828
2022-05-12,0.08516645920570672,0.09582179083948984,0.12148865048826187,0.10322041208768681,0.11852288511397503,0.0986755782151832,0.10769919593742366,0.08993888017251249,0.06873011049324494,0.11073603744651556
2022-05-13,0.08699409554404136,0.1008872433865188,0.12724947756342406,0.10496038025869885,0.11701238864348558,0.09780420007981155,0.10952839838814098,0.08482000206174617,0.060144315526682555,0.11059949854745015
2022-05-14,0.08626368945796747,0.09936875287398228,0.11982986348687955,0.10449559428413861,0.11197803036217337,0.09950305881284145,0.10762508822211816,0.09363403637740102,0.06389736574772988,0.11340452037476828
2022-05-15,0.08882581178209446,0.10110180944640462,0.1203324032802107,0.10365198230142511,0.11200728350679615,0.09876089842802846,0.10675322151496709,0.08959988816656489,0.06724910969108805,0.11171759188242061
2022-05-16,0.09023743918669166,0.10605958460674554,0.11810245940557343,0.10185033973996958,0.1101321858272832,0.10206291202723475,0.10456377798864235,0.08788472436116784,0.06790008475339034,0.11120649210330122
2022-05-17,0.08716664522628681,0.09685497288988731,0.1221832265088108,0.10433580602352134,0.11271194173143952,0.10321977938686996,0.10663197223889068,0.08753737813608006,0.0675453166347622,0.11181296122345138
2022-05-18,0.08715266607153607,0.09988513580161483,0.11787334634680306,0.10134936206672365,0.11023279613169033,0.10166205572062341,0.1097908189380826,0.08673625031564833,0.07089504429068837,0.11442252431658927
2022-05-19,0.08208539837781616,0.11081196458242588,0.12174006601004472,0.10237584746102107,0.11056760776590387,0.09819919741319103,0.10839721353594188,0.08718236297788878,0.06663150259005411,0.11200883928571255
2022-05-20,0.0800684345807942,0.10637717049939538,0.12203964541336514,0.10104929723370848,0.11070103879822835,0.09884641458930118,0.11242744589308017,0.08492910166551446,0.07069270725319113,0.11286874407342146
2022-05-21,0.07885160847050132,0.10487524367560928,0.12214285694225462,0.101854946020722,0.11159293208760114,0.09773900013141046,0.11116002274430019,0.08661327781936681,0.06991400620527123,0.11525610590296284
2022-05-22,0.0800480978626889,0.10416840147927361,0.12047298662766763,0.10022281072106748,0.11004594459080842,0.09824781221808286,0.11063358007728163,0.08581661584950721,0.07451080896523017,0.11583294160839178
2022-05-23,0.08192969648195995,0.10341134040373914,0.11957847122715891,0.09829310077333445,0.10982982889819581,0.09841066451368456,0.10964042285368482,0.08384950083553458,0.07818742732599708,0.11686954668671065
2022-05-24,0.0777788152462526,0.10400724389030563,0.11902751578226435,0.09874053655313218,0.10988279049327795,0.09763283752569092,0.10945867915280973,0.0852544334279506,0.07405828510109154,0.12415886282722464
2022-05-25,0.07693505806852803,0.10417767240704177,0.1198598674647808,0.09807088841968437,0.1089512186840151,0.09939425132969523,0.10991916942000293,0.08477663348340103,0.07562449091676846,0.12229074980608219
2022-05-26,0.07361440378444083,0.10432776296567564,0.12192437086148918,0.09930226457254392,0.10918244923292057,0.09770091202058631,0.10904031797262317,0.08545996248668457,0.0741310421946083,0.12531651390842763
2022-05-27,0.06856248854976606,0.10549067177187274,0.13054773625557295,0.10095701686603993,0.10911249213366425,0.09990166792933355,0.10997512171475583,0.08451205460193652,0.07137819719983418,0.119562552977224
2022-05-28,0.0679678590294318,0.10161213777028259,0.13165886247487962,0.10878138376053931,0.10816987583016366,0.09838375260202474,0.1097404676980841,0.08602988676029696,0.07112833765286529,0.11652743642143186
2022-05-29,0.07213855962488998,0.10002162195237774,0.12922183105379897,0.10554918828922276,0.1086362071246942,0.09961753834669049,0.1086335114772517,0.08557382522592205,0.070844937578726,0.11976277932642598
2022-05-30,0.07463406235809085,0.09757447710717515,0.12844097933746873,0.1044935824650229,0.10765070436140868,0.0994752289471691,0.10738976679582997,0.08939799658106042,0.07437496256284135,0.11656823948393286
2022-05-31,0.07110401173985507,0.11380281102122983,0.12440491504219592,0.10000576096863734,0.1067060448651659,0.09946939858614139,0.1049402437065353,0.08516410236666823,0.07452189109605362,0.11988082060751737
2022-06-01,0.06865566476304176,0.11486515480606431,0.1262516371114839,0.09887171109069075,0.1049873258262795,0.10248927594694185,0.1051976667099977,0.08312850911756386,0.07329031698394324,0.12226273764399308
2022-06-02,0.0672674682929112,0.10970514288870623,0.12935306886217054,0.10196735915354198,0.10744142698898254,0.10229389256999658,0.10541377535302626,0.08436448905955105,0.07167252273784068,0.12052085409327298
2022-06-03,0.06768129775157722,0.10708780947079104,0.12784420910819919,0.10073073170812218,0.10485496253791214,0.10266590547029653,0.10489877642951839,0.08400754522840172,0.08001454522547681,0.12021421706970481
2022-06-04,0.06583704916547017,0.10573120166514567,0.12988355691266892,0.10178616393185558,0.10571501781247306,0.10188873697483786,0.10605308268919966,0.08430914657139224,0.07876822083026788,0.12002782344668896
2022-06-05,0.06876400577719283,0.10658311157281504,0.12768994567880862,0.10147652108214958,0.10507480681173441,0.10761698413234462,0.10551200752183568,0.08304114394582414,0.07573309007967369,0.11850838339762136
2022-06-06,0.06795403766460455,0.104272912767493,0.1284580200981175,0.10090296102298633,0.10560840171853927,0.1115694814046175,0.10511930734008394,0.08285010825280356,0.07519126635274526,0.11807350337800902
2022-06-07,0.0704218444559124,0.10368994031090578,0.12987055065242978,0.0990010572701873,0.10484389550080424,0.11221541589801273,0.10343494147934007,0.08165293696816711,0.07476717979029039,0.12010223767394997
2022-06-08,0.06761357912262549,0.10020073153868463,0.13069678826803902,0.09785558448989413,0.10369125101192356,0.12439704374238802,0.1037829329179629,0.08042794217124816,0.07290870349312852,0.1184254432441055
2022-06-09,0.06846798451889384,0.10058948247737365,0.12895824805030326,0.09811040883853504,0.1041829931144407,0.12633794192073441,0.10138842489086934,0.08063350594792489,0.07391834708228703,0.11741266315863759
2022-06-10,0.0676136614099564,0.09939336023316098,0.12741734541382177,0.0973661108752794,0.10308544210107524,0.1334257015429939,0.09885313100268334,0.07984543266155492,0.07410970835203201,0.1188901064074421
2022-06-11,0.06593804529854928,0.09965047393451754,0.13272750142142056,0.09970926402597696,0.10331709659792497,0.1247630933509758,0.10021356236796095,0.08250017334527654,0.07261544367495404,0.11856534598244328
2022-06-12,0.06461072304719423,0.09801733094473195,0.14099364769589504,0.10055410870869363,0.10354495997087623,0.11877287517216756,0.1003063598454732,0.08278879317485738,0.07276125275431503,0.11764994868579573
2022-06-13,0.06187198436253393,0.09552815889817626,0.1452836612762816,0.10068451325617746,0.1068240343665226,0.11658956402730439,0.10144742017443978,0.08392781547071489,0.06792031813487202,0.11992253003297713
2022-06-14,0.06395853416758618,0.09893683574612855,0.1363937693274502,0.09529870865857418,0.09992868441248959,0.12233500401177691,0.10221124082529488,0.08715800039716441,0.07384041016158249,0.11993881229195248
2022-06-15,0.06348478909969855,0.09991894479431201,0.12972718820836876,0.09437142527923409,0.09647804830806109,0.13434597681555382,0.10477310886551203,0.08567695065543697,0.06900570523406029,0.12221786273976235
2022-06-16,0.06462036718663085,0.1030216188453161,0.12176674299802845,0.09823610327588495,0.09086565307421278,0.13442440955796792,0.10579544485600605,0.08498654948609917,0.0675236812801813,0.12875942943967245
2022-06-17,0.06343296153008805,0.10122641974306579,0.125211161724371,0.09826359957394766,0.08930460075147673,0.13276483481203635,0.10646905257495327,0.08742671604837782,0.06889959812624491,0.12700105511543844
2022-06-18,0.06291243654144107,0.10110392239096595,0.12303616001748884,0.09913083017565075,0.08897337434629794,0.1300284073193266,0.11084125553529328,0.08766344111985833,0.068679138151258,0.12763103440241913
2022-06-19,0.06225765359779707,0.10027190690486208,0.12167157956990542,0.09835400236732708,0.0869156265950538,0.12914166762059484,0.11722384880654721,0.08827025718538467,0.06976047096872837,0.12613298638379938
2022-06-20,0.06100473997235657,0.09616933307195612,0.11865692552944514,0.10109902338594379,0.08863429224073154,0.1294670478567421,0.12129656653894232,0.08462573576991614,0.06848579375070182,0.13056054188326455
2022-06-21,0.06362722976056157,0.09988003453726763,0.11695409970210419,0.09890714447465491,0.08734033358443215,0.13495699921580992,0.11620918117059081,0.08229551646913537,0.06807058125520656,0.1317588798302368
2022-06-22,0.05961440053912772,0.09723156652383418,0.11168121577783788,0.10281136737600019,0.08262499714264356,0.1257423805347727,0.11173443147566481,0.10245248590628732,0.06722112832187002,0.1388860264019616
2022-06-23,0.059116076906900315,0.0950917324663807,0.11219430607678006,0.10039671278073804,0.08027566070018427,0.12657740142070473,0.11335579535914864,0.0969914238482878,0.06497388851441988,0.15102700192645555
2022-06-24,0.062417097908472274,0.09286730435719076,0.11006086113001573,0.09669830696531473,0.08127473949251278,0.12395388076725165,0.11258052597216615,0.09576650932093692,0.06607313234866087,0.15830764173747816
2022-06-25,0.06700877957504053,0.10360549469151917,0.10621192369021613,0.09704749760004858,0.08343024010951763,0.1234933500537478,0.10818466819220003,0.0965938647270896,0.06662334589113741,0.14780083546948314
2022-06-26,0.06759792201318245,0.1043154421953051,0.10390697296169782,0.09603603463096247,0.08179862552081685,0.11938830980897949,0.1102824335615995,0.10184096853679245,0.06802718788003048,0.14680610289063356
2022-06-27,0.06488752572310363,0.09831262938103494,0.1057041787880336,0.10626829727204472,0.08195609562298307,0.11449908531400058,0.11018785425435547,0.09847928462663565,0.06768605548587095,0.15201899353193737
2022-06-28,0.06451608416209685,0.09821916103046897,0.10582185364581016,0.1067191039461729,0.0828493977926171,0.11365675790150767,0.11039979101656276,0.10090415603744786,0.06999949134427666,0.1469142031230392
2022-06-29,0.06416925233423867,0.10023263308527523,0.10972775475624355,0.103670457036428,0.08429081247210829,0.11629979518212344,0.11041319936915546,0.09638462085103794,0.07099468669717973,0.14381678821620977
2022-06-30,0.06283513859140796,0.09396207220143452,0.10858546717560767,0.10881054120452659,0.08084788552555765,0.11434252059445965,0.11221362147767089,0.0983469254739792,0.0710774549514111,0.1489783728039448
2022-07-01,0.06088720002675129,0.09659514769330718,0.10918375876489711,0.10545010480291177,0.07985325040118078,0.11675977534367762,0.11419421870788625,0.10115361080879293,0.06801947629585046,0.14790345715474457
2022-07-02,0.05950473898432226,0.09587999530305132,0.1087279434041137,0.10861777662801063,0.08138571715764327,0.11662272424905824,0.11183508928658187,0.10097081605588439,0.06837449052311895,0.1480807084082155
2022-07-03,0.060070800299149706,0.0947993085635651,0.10819906056897656,0.10861566265934984,0.08166052572448686,0.11889420948720654,0.11005374744615924,0.10102180406483152,0.06729608314088135,0.1493887980453933
2022-07-04,0.060940531394570875,0.09594744022330409,0.1080083932496782,0.10894584264909707,0.08180274041320056,0.11829747353170966,0.11036786198978588,0.10011550636898917,0.06723731375299051,0.148336896426674
2022-07-05,0.06239416471758866,0.09577983042233063,0.1076460280733473,0.10698552769665703,0.08337728365116183,0.11633490204381575,0.10769159701574939,0.09941709475197738,0.0666163761532466,0.15375719547412553
2022-07-06,0.06402845477574703,0.09486593775955866,0.10946135908247588,0.10562646598229322,0.08367234749520867,0.11643934111213027,0.10445761968409008,0.10004284461827054,0.06604933254128545,0.15535629694894015
2022-07-07,0.06605018903901204,0.09439854893062564,0.10824864027333449,0.10443515623164183,0.08505733368886416,0.11351004496635185,0.10265299042093645,0.09838005249125015,0.07511372465822577,0.15215331929975767
2022-07-08,0.06630329889409307,0.09311535274877422,0.10854799890850896,0.10265870018447863,0.08459060324161186,0.11336399450339887,0.10140858670939645,0.10098254400094266,0.07363132543462406,0.15539759537417125
2022-07-09,0.06587957026628866,0.09171396374752083,0.11021587670480396,0.10217748032156602,0.08438073262320656,0.11040634897107979,0.10152914692534941,0.10194885434484664,0.0718115445789062,0.15993648151643197
2022-07-10,0.06432288720180232,0.09051525615494821,0.10667737757261202,0.09949764773952448,0.08188321966197089,0.10889271810122562,0.10352712902493033,0.10248145696802508,0.06976193127574735,0.1724403762992138
2022-07-11,0.0644445237997534,0.08966458388314223,0.10720335356260167,0.10022158453640319,0.08175863703948595,0.10836157018753774,0.1037531673029809,0.10291810647385824,0.06871105563868496,0.17296341757555167
2022-07-12,0.06260597985934815,0.08992312541286497,0.110054434629562,0.09868202840739235,0.0823098506443422,0.11325212573839528,0.10402576298285335,0.10145732778432949,0.07178904203030949,0.1659003225106027
2022-07-13,0.062167298034083655,0.0881689098800445,0.1095981142139856,0.09832826073796913,0.08019616201986508,0.11455833989970991,0.1039657108725667,0.100306540333523,0.0729908127231143,0.169719851285138
2022-07-14,0.06584336179381728,0.08668732813080401,0.10809714586715671,0.09592187195081299,0.08111533998798981,0.11219970742430792,0.10256505485674182,0.10051033114074187,0.07041996464006246,0.17663989420756507
2022-07-15,0.06600853183709218,0.08621120474361743,0.10507445439827658,0.09240593819407744,0.0829416925343382,0.10892308894091417,0.10146265512051075,0.09656670536061183,0.06684112539299746,0.1935646034775641
2022-07-16,0.06448638166150783,0.08600775684331129,0.10605454273995917,0.0928963277453698,0.08536890918407551,0.109531908661979,0.10213051650430541,0.09842919036235188,0.06858862818291224,0.18650583811422797
2022-07-17,0.06738153260467421,0.08423719199127988,0.10267856663305006,0.09042429749441658,0.08944581893112116,0.1086650379837119,0.10336709812376653,0.09538188019779782,0.06525999366553506,0.19315858237464686
2022-07-18,0.06700912075984637,0.08718995844923234,0.1032076141023056,0.09071381376108577,0.09046241604761389,0.10712634203717093,0.10719237633314545,0.09504796648116291,0.06598317626480958,0.18606721576362714
2022-07-19,0.07097044202948055,0.08962320169387611,0.10155547682199946,0.08866381237052921,0.09747231903243288,0.1083559163487028,0.10277229401428066,0.0966521653711047,0.0646461900308073,0.1792881822867864
2022-07-20,0.0722234582957371,0.09095719599704359,0.10443235388086651,0.08929489046430275,0.0937498869436878,0.11012868426954683,0.10011861187289309,0.0969680825767811,0.0648741395829917,0.17725269611614947
2022-07-21,0.07154985112108121,0.08724801379229935,0.10761104726346114,0.09421744502753167,0.09601565157343796,0.10822832240916522,0.10267938636247541,0.09851468459559348,0.06219198037011542,0.17174361748483913
2022-07-22,0.07409669267539867,0.08649773376258789,0.10487615994964755,0.09189487120990128,0.09718598500494713,0.10775843643898253,0.10181616481738522,0.09695275774553504,0.06197283026018699,0.17694836813542772
2022-07-23,0.07242448130913082,0.0870318169691119,0.10622074249787244,0.09152918587187732,0.09789778918753085,0.10801213315753935,0.10174511199006461,0.09796201278570713,0.06286901879962396,0.17430770743154167
2022-07-24,0.07092693495918219,0.10117525280989413,0.1030833124402404,0.09056247072924123,0.09683325348696649,0.10688143506541377,0.10017705911400142,0.09507483822327499,0.062380398336090846,0.17290504483569455
2022-07-25,0.0705966181043999,0.09452352195227148,0.1023668570879065,0.08877681828122469,0.09863956282389881,0.10938901828924047,0.10254969483047242,0.09379534972207279,0.06202377820913477,0.17733878069937803
2022-07-26,0.06723576334261978,0.09096598220801402,0.10463875959577335,0.08815044469663821,0.09633981188252545,0.10740147729083685,0.10271618048561311,0.09378445383498218,0.06200577178253907,0.18676135488045806
2022-07-27,0.06723679976187094,0.09086946548086809,0.10542252985605782,0.08989399318167465,0.09788085055487637,0.10697388646563653,0.10352874864837922,0.09624205679401221,0.06347688662058044,0.17847478263604363
2022-07-28,0.06833589115083064,0.09063078878563757,0.10244713614555663,0.0869635587459894,0.09942586160348582,0.1041443807567352,0.1020353591241099,0.09170697755297093,0.060663443142657314,0.1936466029920267
2022-07-29,0.06629420155608513,0.08685392824097027,0.09978653308683327,0.08382240917387075,0.09828672461573547,0.10273299974819605,0.10280739948060212,0.08860399086086618,0.0609739517119405,0.20983786152490033
2022-07-30,0.06670007925753656,0.09178873747276742,0.09892074721784179,0.08295094863882806,0.09755655327685077,0.11156351196862119,0.09776306577878673,0.08719951672023729,0.06143047064880867,0.20412636901972167
2022-07-31,0.0662744025495049,0.09663139675132221,0.0987998964429502,0.08437199064266557,0.09656965908779101,0.11114559268207029,0.09780916928526705,0.08891541888875479,0.06125555954505099,0.19822691412462293
2022-08-01,0.0664942256662143,0.09349124523042182,0.09975915761369318,0.0845103240005542,0.09787205571804873,0.1114501188714658,0.09911534768556114,0.08944653599050004,0.06534434996308883,0.19251663926045204
2022-08-02,0.06632651666565302,0.09265240339676627,0.10003200663831069,0.08530722747804319,0.09544567563589146,0.11069208614336527,0.09899490656536317,0.0916305619736023,0.06473634196254671,0.1941822735404579
2022-08-03,0.06583180577303244,0.0916633228690855,0.10118098817922497,0.0848763259571696,0.09775658191690506,0.10744484794673509,0.09898245699219207,0.09232001075723976,0.06375260160575273,0.1961910580026628
2022-08-04,0.06517771626612956,0.08989958855077303,0.09861736959182664,0.08295164833356568,0.09523675181865073,0.10707293009831749,0.09672204590954579,0.09134331802238727,0.0649275077523546,0.20805112365644915
2022-08-05,0.0656596337608557,0.09207770748984088,0.09714659005974759,0.0837148828949838,0.09403018860061567,0.10755546523180826,0.09922988950516866,0.09075817119578117,0.06519719067841237,0.20463028058278596
2022-08-06,0.06733105517493684,0.09209620403331857,0.09611349310448236,0.08343480906735032,0.09751324979785242,0.11047243656298386,0.09977524864676422,0.08927175807989901,0.06440643350851004,0.19958531202390237
2022-08-07,0.07286712464617878,0.09080088507089733,0.09595662147312785,0.0831685697150859,0.09624269583293706,0.11079049320545387,0.09851099933374556,0.08932294484616021,0.06426188743237767,0.19807777844403582
2022-08-08,0.07495230575134869,0.09177997265482708,0.09511329729230625,0.08205891835984269,0.09502649272916759,0.11646518574339777,0.09714678818045792,0.08828283222069457,0.06425916030599939,0.19491504676195803
2022-08-09,0.07354982710848465,0.09080983582362216,0.09585909996908458,0.08182510186793844,0.09742892617188502,0.11787376724522157,0.0976499366093507,0.08854029073982535,0.06526387312632728,0.1911993413382602
2022-08-10,0.07458663592364172,0.08840515760341217,0.09620458233524541,0.08317237820477866,0.09636369789231712,0.12356556437806325,0.0952419276495021,0.08924165438302875,0.06371731139569439,0.18950109023431627
2022-08-11,0.0752125253256541,0.08829690183360653,0.09432698796976839,0.08134586264194907,0.09939861285476496,0.12127922794743502,0.093955353196712,0.08709327178753826,0.06293078287361678,0.19616047356895472
2022-08-12,0.07422537591869456,0.08859422691577089,0.09513167191969162,0.08162326341389227,0.10176977664371589,0.12110296549889459,0.09521964483778508,0.0874117385657097,0.06250836732863976,0.19241296895720578
2022-08-13,0.07412502965851127,0.0871061401263175,0.09419161083480956,0.08089614675231893,0.10293095633254726,0.1224052714298062,0.09402075750491026,0.08736398596126282,0.0648986980166052,0.19206140338291103
2022-08-14,0.07387482586851048,0.09015812001926649,0.09459905668005862,0.08182762231794485,0.10454867945233924,0.12037554148936913,0.09566125441169553,0.08733019717748218,0.06363055073481311,0.1879941518485204
2022-08-15,0.06996064265810471,0.08522948574496964,0.09218597370910517,0.08980764298336545,0.0999608155813351,0.11307271174956615,0.09277347437160252,0.11442157521729579,0.06082190052285723,0.18176577746179823
2022-08-16,0.07187111301420757,0.0866404387217199,0.09489370846418307,0.08747591956527064,0.10185133741340095,0.11581636179246059,0.09256398392392184,0.10735173167048843,0.06130805068301025,0.18022735475133683
2022-08-17,0.06946320024259446,0.08505798940547123,0.09341407470102764,0.09850082370532645,0.10007828564320753,0.11257399308919219,0.09303897215026172,0.11051615914118465,0.06111580745946828,0.1762406944622658
2022-08-18,0.06852148111196865,0.08413619015297705,0.09563972387725328,0.09526845485512289,0.10234362929600033,0.11233571251648578,0.09605969401008552,0.10809825606742955,0.06138927185415563,0.17620758625852131
2022-08-19,0.0678022329491515,0.0835119717345578,0.09922578892657744,0.09270156558451682,0.10758187161349163,0.11131327335671069,0.09948363391734978,0.10295501727648664,0.06020043485578259,0.1752242097853751
2022-08-20,0.06927851926623417,0.08104556444297087,0.09826721899356712,0.09264754361165442,0.10334772860094106,0.11067638739017235,0.0986496420519226,0.11071587919150642,0.05953845736207204,0.1758330590889589
2022-08-21,0.06858219784283098,0.08027982095674284,0.09932649001155365,0.09443054664643027,0.10084171433021999,0.11026780060440948,0.09847142960669708,0.1080266267452572,0.06207630083583125,0.17769707242002722
2022-08-22,0.06887390252667307,0.08009892847375186,0.09855972700181082,0.09205280322502678,0.10094238341294128,0.11034247083929649,0.09879190499390016,0.11022801962030558,0.061664747062101365,0.17844511284419268
2022-08-23,0.06838981124977711,0.07983990490505176,0.099153332259182,0.0918725410563878,0.10251178497074431,0.11100877035278858,0.10270678967097342,0.10884517060018441,0.06093847440934439,0.17473342052556629
2022-08-24,0.07007716592540311,0.08098332910616074,0.09808149520129615,0.09091473913400894,0.10332282792369812,0.11220192311468911,0.10073933370408328,0.10832315693721031,0.06034961522759844,0.17500641372585193
2022-08-25,0.06943698384597076,0.08122706613675953,0.09851261834755728,0.09075963228334169,0.10400347457292844,0.1117097875618287,0.10083737819838391,0.10747954580546093,0.06042763743519269,0.17560587581257597
2022-08-26,0.06836225547430766,0.08097394928431507,0.0979397434182234,0.09084172439130829,0.10486770080856005,0.1100764482966274,0.09966218754498771,0.11296318903175924,0.061765396110660495,0.17254740563925075
2022-08-27,0.06790421147021172,0.08093489000746651,0.10163693570022189,0.0924470960816444,0.1031302378183372,0.11108105902524665,0.10247515920589179,0.111415583237472,0.06185699180298919,0.16711783565051855
2022-08-28,0.06617643520219316,0.08422710012572458,0.10113937237162966,0.0929285798280187,0.10249058877449051,0.11208878818475183,0.10365414316748023,0.10965322621278363,0.06238062745606023,0.1652611386768676
2022-08-29,0.06346220931990806,0.08357547659695577,0.10232064456525565,0.0937070874693682,0.10166164709590376,0.11131666015836574,0.10826019077354355,0.11030573218031857,0.06312441655523768,0.16226593528514288
2022-08-30,0.062308624814293036,0.08251678468340413,0.09995023438855083,0.09118401065021986,0.1041221771449325,0.11228168790262015,0.10650786651631236,0.10976504144772209,0.06258939536548391,0.16877417708646109
2022-08-31,0.06404737409851563,0.0846353730201938,0.09997617515706926,0.0900255491732472,0.10477146947030447,0.11252669157466554,0.10363054115142002,0.10989850042153698,0.06226571057111301,0.16822261536193395
2022-09-01,0.06290987420021525,0.08591944352255125,0.10068014338975868,0.0893050911771774,0.10627284141685514,0.11318449557225069,0.10473416550926479,0.10846026715260729,0.061683107481701846,0.1668505705776178
2022-09-02,0.0621429605458721,0.08332460469737182,0.09887522618776787,0.08883003618897559,0.10608977488473303,0.11568390738099571,0.1095565098170142,0.10757542350653311,0.06047927182454824,0.16744228496618824
2022-09-03,0.06040491761109463,0.08307176573713392,0.0976261423246693,0.08744771314730464,0.10497215521504798,0.11526731604852322,0.11561007514860969,0.10629910363432368,0.060106296471549706,0.1691945146617433
2022-09-04,0.06031921113338999,0.08955182456661233,0.09674758900767319,0.08868399806533844,0.1034682361152174,0.11380925588913098,0.11367521102151598,0.10728594211197306,0.060144754048542026,0.16631397804060669
2022-09-05,0.05972159036515679,0.08456210498550447,0.0959926297384501,0.08797457898136406,0.10322260895530821,0.11681877967052774,0.11323299181847901,0.11009327506226274,0.06034636300858696,0.1680350774143599
2022-09-06,0.060845650064625216,0.0827436119759393,0.09466322147798005,0.08698247737990059,0.10534757781231564,0.11994672242074243,0.11186770967298748,0.1078918810650106,0.059716650069040485,0.16999449806145817
2022-09-07,0.0617678057341955,0.08239725728063113,0.09737449952322427,0.08846643976648205,0.11001897066594668,0.1173692497366083,0.10862660438315765,0.11109733759761796,0.05993313176417024,0.16294870354796612
2022-09-08,0.06186370117563784,0.08127824065615055,0.0959184334185275,0.08787285671329276,0.11035902010092583,0.11980824952144169,0.11038006187651593,0.10871720720106984,0.0594101450791542,0.16439208425728383
2022-09-09,0.061559970526685874,0.08239452784645547,0.09498117043810624,0.08687866911491592,0.10948784517325148,0.12383979565068894,0.11038708173986275,0.10715378428577979,0.05916461589155657,0.16415253933269686
2022-09-10,0.06187693031321736,0.08262235194586064,0.09907867671652128,0.08585592076445131,0.10853562886538429,0.12214363304065921,0.10984629640074282,0.10681265425397816,0.060080090962644946,0.16314781673653997
2022-09-11,0.060940953808794,0.08091323668908526,0.09860639644704827,0.08537855964798065,0.1100468957533408,0.12245270216436314,0.11166093715011632,0.10781527527083024,0.05779310507446299,0.16439193799397842
2022-09-12,0.062141864174310106,0.08082801233672804,0.1002022184292938,0.084759768074144,0.11041242317643005,0.12535284425981835,0.1105480766446872,0.1065333322438813,0.058248053346931034,0.1609734073137761
2022-09-13,0.06448503223412025,0.07940107320321722,0.10319740325126757,0.08539662216885816,0.10770319434228653,0.12165163341805746,0.10956820495537321,0.10586153414930864,0.05717791547624376,0.16555738680126733
2022-09-14,0.06184127997032732,0.0797916613183818,0.10100467167384897,0.08656233688030064,0.10734655204828868,0.1196316200781341,0.1146305807904391,0.10814348384085826,0.057930680623326784,0.16311713277609446
2022-09-15,0.06123028995813078,0.07885837359051506,0.09895911617914768,0.08672806508701085,0.10915965776492215,0.12407303712648379,0.11406096819773553,0.106548336840082,0.05702333051816035,0.16335882473781174
2022-09-16,0.06094995219286927,0.07858366999621447,0.10074493592865227,0.0868651966925146,0.10255548756116861,0.1315899876787547,0.1116057854822989,0.10679666759012002,0.05758326623301866,0.1627250506443885
2022-09-17,0.0604500362255397,0.07943486803503401,0.10132323745235798,0.08967518264714175,0.0999090139396566,0.13323378621342305,0.11089855626010857,0.10558096072639327,0.058332001230246025,0.1611623572700992
2022-09-18,0.059994125886101576,0.07898194333139397,0.0997583221327178,0.0894297292055645,0.09920755490969731,0.13650725168612773,0.11111338995839033,0.10571083570176755,0.05798028748868804,0.16131655969955117
2022-09-19,0.059084544756928765,0.07874972978018364,0.10494780120698846,0.08998725551525207,0.09823035277114078,0.1383061748398623,0.11020396870129491,0.10246849450455885,0.058279189330934435,0.15974248859285584
2022-09-20,0.06051790810473614,0.0795714395522875,0.10453232798213445,0.09078277656268621,0.10025793137719238,0.13286653327552087,0.10966912366447935,0.1048699173522022,0.05851699715691525,0.15841504497184572
2022-09-21,0.060073247582691384,0.08284258298802083,0.10404134672094106,0.09330182011481854,0.09930478755039761,0.12904397376725554,0.11167989679754595,0.1035120784258239,0.0583597691204246,0.15784049693208063
2022-09-22,0.06109352106898368,0.08039103335309558,0.10411492270847413,0.0934325410786256,0.09567642977428405,0.12813468517253376,0.11161935351412937,0.10449678468780367,0.058330778495959704,0.16270995014611048
2022-09-23,0.061665105273999994,0.07969679380795568,0.10338262771871048,0.09203276781808835,0.09625378658368122,0.12909613695192296,0.11058222019838596,0.10320372455653966,0.058835567007477975,0.16525127008323778
2022-09-24,0.06099940154785062,0.08258450104479839,0.10003680910006778,0.09526776399569503,0.09373389843241409,0.13139188922778033,0.11093800244200655,0.10247868271472486,0.05697654682711374,0.1655925046675486
2022-09-25,0.0603554092431585,0.08045079056000885,0.09912615762933427,0.09583356812059363,0.09397203280867199,0.1359453107864652,0.10844140795065876,0.10521180463965879,0.056488443830601774,0.16417507443084833
2022-09-26,0.06020254894805255,0.07955231078512835,0.09987284540690797,0.09416515815100875,0.09362225708452598,0.1420557458001257,0.108063949204533,0.10446167914587451,0.0556135659555549,0.1623899395182884
2022-09-27,0.05979435372612433,0.0786436371192605,0.09997020773880048,0.09213562334554423,0.09460554243578943,0.14049970167886233,0.10763693100640308,0.10311239869652547,0.05730406665486933,0.16629753759782073
2022-09-28,0.05843890882163505,0.07699884920176588,0.09846155587157675,0.09047999029892465,0.09333124502691906,0.1414062282249633,0.10525938124775769,0.10234779019025962,0.055385708810594715,0.17789034230560338
2022-09-29,0.05792614968886102,0.07755486507665188,0.09953472719033593,0.0899385313755581,0.0933677057728926,0.13593868865310568,0.10584882302382807,0.10150182085614924,0.056664219882154906,0.1817244684804625
2022-09-30,0.05807757484829692,0.07877756641416071,0.10019107495299798,0.09022475468861624,0.09302172070129124,0.1373960330136448,0.10690238077151286,0.10151312503203097,0.057614824631494685,0.1762809449459536
2022-10-01,0.0576682237678107,0.07791275629894281,0.09948734698564812,0.09157287393015688,0.09268470006741071,0.13214684504183208,0.1061221326022945,0.10341395534326661,0.0602122320719502,0.17877893389068755
2022-10-02,0.05741658371549389,0.07859167312635684,0.09993633473181761,0.09089779876817569,0.09244818952337866,0.13014880291777764,0.10609475729092484,0.10318800955669662,0.06233130567628462,0.17894654469309346
2022-10-03,0.05721165742229013,0.07774153591980587,0.10076594541812839,0.09085134705394299,0.09193349828211042,0.12787167745643624,0.10614890702528597,0.1032612585915938,0.0653753896850862,0.1788387831453199
2022-10-04,0.05741465216885478,0.07858482772199639,0.10045325122539221,0.08951627343703625,0.09220782038895575,0.12758775064751585,0.10739330263912028,0.10204071894877821,0.061485076224154916,0.18331632659819527
2022-10-05,0.0566192890266647,0.077903646451592,0.10087288970204006,0.09466567175901702,0.09195997310073244,0.13028579027611037,0.10621660295107428,0.10279182268377135,0.06048120638737129,0.17820310766162648
2022-10-06,0.05658615766675595,0.07675849668698127,0.10021109269270617,0.09335473163770917,0.09154149560324205,0.1331540166220643,0.10520787918783453,0.10151847004025524,0.05875935186085194,0.18290830800159938
2022-10-07,0.05604819992641498,0.07716473402659496,0.10030424778845332,0.0924290465224361,0.09252401961879703,0.13044382531684284,0.10420672911609236,0.10028645930462804,0.06007312231220869,0.18651961606753162
2022-10-08,0.05633330574497567,0.0767824097074877,0.09945689787329641,0.09204490593977559,0.09231146954864261,0.13174311850473566,0.10422348370137723,0.10090435893633261,0.05937977636715169,0.1868202736762248
2022-10-09,0.05687424424615564,0.077401357240204,0.10048949799326305,0.0924874469823678,0.0927076646142533,0.13122170494075228,0.10583347270089873,0.10152454486766038,0.05943901098923065,0.18202105542521427
2022-10-10,0.056576980365881824,0.07692886967499128,0.09942132767869352,0.092102045337265,0.09215566241155786,0.13273048571178533,0.10679434767392157,0.10070174321782209,0.059381444214548,0.18320709371353353
2022-10-11,0.056382456448815434,0.07671257921282425,0.10166478145858569,0.09147152915795041,0.09335277602299066,0.13257272470966902,0.10834298342195552,0.09694385605224398,0.059097942264687085,0.18345837125027797
2022-10-12,0.056639120097417006,0.07575770018364004,0.10340245231794046,0.09475401679586648,0.09457351907830364,0.13165667225870678,0.10934931796251128,0.09926315895317671,0.0587376892057433,0.17586635314669424
2022-10-13,0.056528196203259315,0.07556195957136558,0.10365220494308741,0.09381900241120347,0.09538511639113152,0.1315005470087373,0.10948603003348481,0.09823395049137532,0.0586669187840779,0.17716607416227745
2022-10-14,0.055789898936287885,0.07303995986951754,0.10545339692659839,0.09411504036075977,0.0953972394507198,0.1300848906704054,0.10774351985020056,0.10084853336960568,0.056973200056145014,0.18055432050975992
2022-10-15,0.05606366511227244,0.07156569827032594,0.104819891161864,0.0929478430538227,0.0964882452560243,0.12803704968179638,0.10864780240666272,0.09932731222484391,0.05664352845195134,0.18545896438043621
2022-10-16,0.05577949373389727,0.07224361988574925,0.10531678063406442,0.0937710186869298,0.09588662328966595,0.1293506889770551,0.10781009847107732,0.10075531245425261,0.05885877284081224,0.18022759102649608
2022-10-17,0.05596672771750111,0.07259000024352436,0.10457429916386522,0.09270926705497716,0.09654779408157188,0.13244735008726333,0.10816140587839082,0.09952409035708448,0.058560713475916265,0.1789183519399054
2022-10-18,0.0562531612818516,0.07198659005577294,0.10383988537213959,0.09235483690280429,0.09630379860403196,0.1323874944582347,0.10662824649670911,0.09851273583402675,0.05835620533069754,0.18337704566373156
2022-10-19,0.055702978298304034,0.07094313940435051,0.10357486693053558,0.09283746538525457,0.095653525168751,0.12990556703198608,0.10766309813144548,0.09719189335166852,0.057460003286130754,0.18906746301157354
2022-10-20,0.05423035812296079,0.06756918888542927,0.10520773872642318,0.09358201099610312,0.09627587921313051,0.12671485640529384,0.10856326182506863,0.09682841696878366,0.05574792878917782,0.19528036006762914
2022-10-21,0.055550122008235614,0.06491368183617006,0.10673872483773401,0.09655539776782908,0.09790540494391183,0.1269202107942295,0.11122570273228162,0.09906101026827008,0.05669101116727631,0.18443873364406185
2022-10-22,0.057369043138802304,0.06117421494882282,0.10705361611736838,0.0960757490096676,0.09887373441560737,0.12936925664527976,0.11172831008118429,0.09981530920082043,0.056550704859866616,0.1819900615825805
2022-10-23,0.05706693700026947,0.06038139172521878,0.10671202559119138,0.0961335990343944,0.0994018606914601,0.12980307820448064,0.11232389020790824,0.09909129948489606,0.05625290810151404,0.18283300995866678
2022-10-24,0.05782280350899759,0.05911761211780209,0.1059978405367509,0.09480321376711316,0.10062124283761247,0.1301702989452983,0.11336698406006444,0.09823071552530993,0.055804157014524236,0.18406513168652677
2022-10-25,0.057218877650396884,0.05634895940626431,0.10728437408248134,0.09565229697209214,0.10155433179273628,0.13037023144727924,0.11296796030119174,0.09838217995616627,0.05580012089531516,0.18442066749607655
2022-10-26,0.05737410815881709,0.057495562365351735,0.1057742562356842,0.0962792025715568,0.10471395990233391,0.12654497894060135,0.11411329107643325,0.09600564818958729,0.05443071476914357,0.18726827779049082
2022-10-27,0.05636851726136695,0.05602721670036434,0.10522272951878188,0.106686158173714,0.10803727661590742,0.12331383171783161,0.11066141689201808,0.097479853273855,0.053102510663047046,0.18310048918311372
2022-10-28,0.056397680490303914,0.05571350751038129,0.10359346079632874,0.11377410537474586,0.10524354462225782,0.11965398168800255,0.10826282771594889,0.09685688134085056,0.05297286329859922,0.187531147162581
2022-10-29,0.059110760031779105,0.054310977358037825,0.10144983978140096,0.11978308368842201,0.10428842502713732,0.11912575838714821,0.10481925032200627,0.10298391309711816,0.0517928639760576,0.1823351283308926
2022-10-30,0.05403493766025835,0.05090284129198456,0.09392436648394127,0.15931268479037689,0.09954552890711506,0.11722492263670378,0.09896549989026825,0.10401491242801927,0.04893526993137315,0.17313903597995944
2022-10-31,0.0551410668018197,0.05163941175346051,0.095164002011026,0.1574513188414531,0.0999213123587239,0.12211210087239717,0.09892326871365824,0.09816554057183781,0.04974282777898081,0.17173915029664275
2022-11-01,0.05709584427090355,0.05047700208305091,0.09270587222448745,0.16638223144085143,0.09689626651666106,0.12090584832306292,0.09641521117570562,0.1005484169285038,0.048442717732675604,0.17013058930409755
2022-11-02,0.05396507457240868,0.048810880802372794,0.09069679643106311,0.18240742484225952,0.09517845202456798,0.11572136476211178,0.09451291237231363,0.10156513468583513,0.04681288149307922,0.17032907801398808
2022-11-03,0.05364086544798436,0.04794940751113899,0.09220766589394272,0.16931903215422206,0.09460970156363974,0.11574201998846521,0.10803894695697441,0.09605410468057161,0.04691517376612762,0.17552308203693318
2022-11-04,0.05400436748453585,0.04856215080676299,0.09247082958736876,0.16265942651130894,0.09540642733601727,0.12015546908483331,0.10962486719838206,0.09597971145159594,0.05029779737026254,0.17083895316893233
2022-11-05,0.05398116256686832,0.04984584709325188,0.08999545417759587,0.1555935624211282,0.0953153234538108,0.12613887056276868,0.11140715670562196,0.09502856840459392,0.04910948798846519,0.17358456662589522
2022-11-06,0.05420177154203648,0.0542657196996683,0.08994039230074148,0.15234056307039515,0.09355878015285075,0.12442203145903596,0.11324959602447593,0.0938455438200177,0.04873184263425014,0.17544375929652795
2022-11-07,0.05340643957593783,0.05323847882975069,0.09356669950311106,0.1489087118881456,0.095587208618811,0.12332146500611159,0.11835311245736237,0.09459475919047779,0.048301963950599706,0.1707211609796925
2022-11-08,0.05279487252473011,0.052849535433976,0.09185982884193453,0.14384674020192648,0.09526503316799048,0.13589406508230076,0.11651678957410339,0.09388917885218112,0.04812273718763902,0.1689612191332181
2022-11-09,0.054879997296534845,0.05053818300440837,0.09706949250905582,0.13392124065313457,0.0951315242410194,0.13721018861333015,0.11722928039686378,0.09501254225768682,0.047368558094428644,0.17163899293353757
2022-11-10,0.053388309428062955,0.04610015669464327,0.10059856169475226,0.13644604984190056,0.0948758249552616,0.13389697442087822,0.12404034773002211,0.09856886947136306,0.044825055471472995,0.16725985029164284
2022-11-11,0.05424090595900779,0.04779638634048268,0.09458793342775482,0.1398643173358831,0.0950849457584593,0.13178649618263338,0.1260767107083249,0.09803967728539871,0.04499205502739439,0.167530571974661
2022-11-12,0.050430477057372906,0.046120419956214825,0.09307744528764439,0.1344974982219433,0.09573364816064607,0.13063614246794952,0.12988585271232272,0.09635949725355007,0.04355555571890395,0.17970346316345226
2022-11-13,0.04888309386062438,0.04501236138983987,0.09591634438789834,0.14578945853300754,0.09768033300654311,0.12188237763516029,0.1324775291100056,0.09756475623123019,0.04341004088167485,0.17138370496401592
2022-11-14,0.04937451758463607,0.0492847285568284,0.09460763988605059,0.1426724214490302,0.09637141723185548,0.1197693417443435,0.12876065380785517,0.09318051111809442,0.04442905350061272,0.1815497151206933
2022-11-15,0.048831064608429814,0.04994596416686666,0.09435607525785453,0.14145929081049724,0.09612497143621371,0.12148246582967895,0.12470685553901797,0.09212407220251706,0.044161951397514325,0.18680728875140973
2022-11-16,0.04931418670225946,0.04865382106124784,0.09424753714689474,0.14074078100730603,0.09517299959356075,0.12179018263806798,0.12532157194517707,0.09227938179538361,0.04326614805312807,0.1892133900569744
2022-11-17,0.04902954307397881,0.049030557896698676,0.09549515309786442,0.14201412413663092,0.09491677927002903,0.12044632105342003,0.12763829939558177,0.09350543829717085,0.04337796277925193,0.1845458209993735
2022-11-18,0.04819044074094473,0.049701781804884104,0.09548989796489149,0.14040956019681972,0.09351593931934216,0.12111970181031993,0.13870552010522275,0.09241433586705954,0.04335522435129045,0.17709759783922516
2022-11-19,0.04843219678644747,0.04958935678129196,0.09505415848437694,0.13981830837836803,0.0939869735976273,0.11969696761462041,0.13807349604604277,0.0924571760370145,0.042995004994325355,0.17989636127988523
2022-11-20,0.04805825205139156,0.049212839978149896,0.09512646102482142,0.13960900544883395,0.0944519891528165,0.11906954530876095,0.14117757944587822,0.09303461478799402,0.042998696892897065,0.17726101590845644
2022-11-21,0.04802102140433542,0.04777455932541079,0.09798065890209694,0.1343916708221701,0.09361384738022703,0.11807175677992898,0.14483234981472864,0.09443325920995398,0.043991282662656894,0.17688959369849108
2022-11-22,0.04782890976252065,0.046903549354612814,0.09755906680084775,0.13379680978088665,0.09322243478903366,0.12355145886457677,0.1468286356352625,0.09291664340662495,0.044045599449914374,0.17334689215571977
2022-11-23,0.04702771109460633,0.04818269692606413,0.09432441775214834,0.13271678302149034,0.09020991218889332,0.1269693095105482,0.15911658383407212,0.09141546977704602,0.04327185434476283,0.1667652615503683
2022-11-24,0.0473866722298472,0.04661900515849233,0.09203533793488525,0.13172030785277003,0.08941736770035638,0.12645454004466253,0.16969009847141356,0.08955091538563931,0.04270332018845374,0.16442243503347964
2022-11-25,0.047039803150815344,0.04552925918851094,0.09211460113938429,0.13104634145669924,0.09096854749858885,0.12893567504853137,0.1691048686940639,0.08935331738234414,0.042501613707827644,0.16340597273323426
2022-11-26,0.046494076537817265,0.04458578414494697,0.0915436091708121,0.14375316132621357,0.09049068659734512,0.12905250486858966,0.15905021159760233,0.09089364685396557,0.04218571820561053,0.1619506006970969
2022-11-27,0.04596589435116667,0.044217243868260404,0.09043761309644158,0.14165696110977646,0.09021412656904497,0.13374214318934227,0.16278050561642884,0.08837675840394749,0.04169993590380639,0.16090881789178488
2022-11-28,0.04582130414292784,0.04393569228045619,0.08943014255010118,0.15571856244998514,0.08850210547869236,0.12778930784906667,0.15799039614191396,0.09017431865845348,0.04152745106948138,0.15911071937892185
2022-11-29,0.04494643351360304,0.04384866920894157,0.08942089013013542,0.15209962715559155,0.08771010837588188,0.13495513194276296,0.15804761472076548,0.08939642460387301,0.041938429640053794,0.15763667070839138
2022-11-30,0.04380471139525962,0.04396511377288503,0.08824195975611993,0.15784615078445502,0.08890565006935305,0.13357951454491498,0.157590494296818,0.08689005520629046,0.04086111526969834,0.15831523490420565
2022-12-01,0.043923256262435546,0.043348198286077055,0.08758511511418929,0.15794387431606907,0.08995470009073536,0.13315897892849277,0.15648798703947447,0.08517042285455242,0.04086439991243465,0.16156306719553934
